EstacaoCodigo;NivelConsistencia;Data;TipoMedicaoChuvas;Maxima;Total;DiaMaxima;NumDiasDeChuva;MaximaStatus;TotalStatus;NumDiasDeChuvaStatus;TotalAnual;TotalAnualStatus;Chuva01;Chuva02;Chuva03;Chuva04;Chuva05;Chuva06;Chuva07;Chuva08;Chuva09;Chuva10;Chuva11;Chuva12;Chuva13;Chuva14;Chuva15;Chuva16;Chuva17;Chuva18;Chuva19;Chuva20;Chuva21;Chuva22;Chuva23;Chuva24;Chuva25;Chuva26;Chuva27;Chuva28;Chuva29;Chuva30;Chuva31;Chuva01Status;Chuva02Status;Chuva03Status;Chuva04Status;Chuva05Status;Chuva06Status;Chuva07Status;Chuva08Status;Chuva09Status;Chuva10Status;Chuva11Status;Chuva12Status;Chuva13Status;Chuva14Status;Chuva15Status;Chuva16Status;Chuva17Status;Chuva18Status;Chuva19Status;Chuva20Status;Chuva21Status;Chuva22Status;Chuva23Status;Chuva24Status;Chuva25Status;Chuva26Status;Chuva27Status;Chuva28Status;Chuva29Status;Chuva30Status;Chuva31Status
2448035;1;01/12/2019;1;29,4;58,9;17;3;1;1;1;;0;0;0;0;0;0;10,7;0;0;0;0;0;0;0;0;0;0;29,4;18,8;0;0;0;0;0;0;0;0;0;0;0;0;0;1;1;1;1;1;1;1;1;1;1;1;1;1;1;1;1;1;1;1;1;1;1;1;1;1;1;1;1;1;1;1
2448035;1;01/11/2019;1;103,5;212,1;6;6;1;1;1;;0;0;0;0;45,5;0;103,5;0;0;0;0;0;0;0;26;0;2,3;0;0;0;0;0;1,3;0;0;0;0;33,5;0;0;0;;1;1;1;1;1;1;1;1;1;1;1;1;1;1;1;1;1;1;1;1;1;1;1;1;1;1;1;1;1;1;0
2448035;1;01/10/2019;1;36,3;68,5;28;5;1;1;1;;0;0;0;0;0;0;0;20,4;0;0;0;0;0;0;3,7;0;0;0;0;2,2;0;5,9;0;0;0;0;0;0;36,3;0;0;0;1;1;1;1;1;1;1;1;1;1;1;1;1;1;1;1;1;1;1;1;1;1;1;1;1;1;1;1;1;1;1
2448035;1;01/09/2019;1;38,2;130,8;1;8;1;1;1;;0;38,2;31,3;2,2;0;0;8,1;0;0;0;0;0;6,2;0;0;0;0;0;0;5,4;28,2;11,2;0;0;0;0;0;0;0;0;0;;1;1;1;1;1;1;1;1;1;1;1;1;1;1;1;1;1;1;1;1;1;1;1;1;1;1;1;1;1;1;0
2448035;1;01/08/2019;1;11,1;22,4;20;3;1;1;1;;0;0;0;0;0;0;0;0;0;0;0;0;0;0;0;0;0;0;0;8,1;11,1;0;0;3,2;0;0;0;0;0;0;0;0;1;1;1;1;1;1;1;1;1;1;1;1;1;1;1;1;1;1;1;1;1;1;1;1;1;1;1;1;1;1;1
2448035;1;01/07/2019;1;27,5;44,6;4;3;1;1;1;;0;0;0;0;27,5;15,1;0;0;0;0;0;0;0;0;0;0;2;0;0;0;0;0;0;0;0;0;0;0;0;0;0;0;1;1;1;1;1;1;1;1;1;1;1;1;1;1;1;1;1;1;1;1;1;1;1;1;1;1;1;1;1;1;1
2448035;1;01/06/2019;1;28,6;81,2;1;4;1;1;1;;0;28,6;24,1;23,7;0;0;0;0;0;0;0;0;0;0;0;0;0;0;0;4,8;0;0;0;0;0;0;0;0;0;0;0;;1;1;1;1;1;1;1;1;1;1;1;1;1;1;1;1;1;1;1;1;1;1;1;1;1;1;1;1;1;1;0
2448035;1;01/05/2019;1;43,3;163,5;29;7;1;1;1;;0;0;0;0;0;0;0;34,9;0,3;0;0;0;0,8;0;0;0;0;0;0;11;0;0;0;0;36,6;0;0;0;0;43,3;0;36,6;1;1;1;1;1;1;1;1;1;1;1;1;1;1;1;1;1;1;1;1;1;1;1;1;1;1;1;1;1;1;1
2448035;1;01/04/2019;1;22,6;61,5;8;4;1;1;1;;0;0;0;0;0;0;0;9,5;22,6;0;0;0;0;0;0;0;0;0;0;0;0;0;0;11,4;0;0;0;0;0;18;0;;1;1;1;1;1;1;1;1;1;1;1;1;1;1;1;1;1;1;1;1;1;1;1;1;1;1;1;1;1;1;0
2448035;1;01/03/2019;1;15,5;76,4;17;11;1;1;1;;0;4,6;9,4;5,5;10,5;0;0;0;0;10,3;0;0;0;0,2;0;3;7,2;15,5;0;0;0;0,5;0;9,7;0;0;0;0;0;0;0;0;1;1;1;1;1;1;1;1;1;1;1;1;1;1;1;1;1;1;1;1;1;1;1;1;1;1;1;1;1;1;1
2448035;1;01/02/2019;1;26,4;103,1;16;10;1;1;1;;0;0;0;0;0;1;8,3;0;0;0;0;8,1;0;0;0;22,5;26,4;4,9;0;0;0;3,4;0;0;0,5;0;0;13,4;14,6;;;;1;1;1;1;1;1;1;1;1;1;1;1;1;1;1;1;1;1;1;1;1;1;1;1;1;1;1;1;0;;
2448035;1;01/01/2019;1;107,7;190;6;10;1;1;1;;0;0;0;0;2,7;32,9;107,7;0;0;10,7;19,3;0;0,5;0;0;0;7,5;0;1;0;0;0;7,6;0;0;0,1;0;0;0;0;0;0;1;1;1;1;1;1;1;1;1;1;1;1;1;1;1;1;1;1;1;1;1;1;1;1;1;1;1;1;1;1;1
2448035;1;01/12/2018;1;38,8;135,9;16;6;1;1;1;;0;22,1;0;0;0;0;0;0;0;0;0;0;29,3;0;0;0;38,8;0;0;22,1;0;0;0;0;0;0;0;0,4;23,2;0;0;0;1;1;1;1;1;1;1;1;1;1;1;1;1;1;1;1;1;1;1;1;1;1;1;1;1;1;1;1;1;1;1
2448035;1;01/11/2018;1;21,2;66,6;18;11;1;1;1;;0;8,8;0,2;0;9,9;0,1;0;0;0;1,7;0;0;0;0;0;0;0;0;21,2;0;9,2;0;0;3,9;2,6;8,5;0,5;0;0;0;0;;1;1;1;1;1;1;1;1;1;1;1;1;1;1;1;1;1;1;1;1;1;1;1;1;1;1;1;1;1;1;0
2448035;1;01/10/2018;1;18;172,4;19;20;1;1;1;;0;0;0;4,9;17,1;0;5,9;2,1;13,3;11,6;15,1;9,9;0;1,1;11,3;16,9;7,9;0,9;11,1;18;0,3;0;0;0;5,2;4;4,4;11,4;0;0;0;0;1;1;1;1;1;1;1;1;1;1;1;1;1;1;1;1;1;1;1;1;1;1;1;1;1;1;1;1;1;1;1
2448035;1;01/09/2018;1;13,6;40;5;6;1;1;1;;0;0;0;6,4;1;13,6;0;0;0;0;0;0;0;0;0;0;13,5;0;0;0;2,5;0;0;0;0;0;0;0;3;0;0;;1;1;1;1;1;1;1;1;1;1;1;1;1;1;1;1;1;1;1;1;1;1;1;1;1;1;1;1;1;1;0
2448035;1;01/08/2018;1;27,5;38,2;25;5;1;1;1;;0;0;0;1,9;0;0;6,3;0,2;0;0;0;0;0;0;0;0;0;0;0;0;0;0;2,3;0;0;27,5;0;0;0;0;0;0;1;1;1;1;1;1;1;1;1;1;1;1;1;1;1;1;1;1;1;1;1;1;1;1;1;1;1;1;1;1;1
2448035;1;01/07/2018;1;11,6;11,6;31;1;1;1;1;;0;0;0;0;0;0;0;0;0;0;0;0;0;0;0;0;0;0;0;0;0;0;0;0;0;0;0;0;0;0;0;11,6;1;1;1;1;1;1;1;1;1;1;1;1;1;1;1;1;1;1;1;1;1;1;1;1;1;1;1;1;1;1;1
2448035;1;01/06/2018;1;9,6;56,8;2;14;1;1;1;;0;0;9,6;5,1;2,3;6,4;9,2;3,4;1,4;2;0;0;0;4,7;2,1;4,5;3,1;0;1,3;0;0;0;0;0;0;0;0;1,7;0;0;0;;1;1;1;1;1;1;1;1;1;1;1;1;1;1;1;1;1;1;1;1;1;1;1;1;1;1;1;1;1;1;0
2448035;1;01/05/2018;1;37,6;39;19;3;1;1;1;;0;0;0;0;0;0;0;0;0;0;0;0;0;0;0;0;0;0;0;37,6;0,2;0;0;0;1,2;0;0;0;0;0;0;0;1;1;1;1;1;1;1;1;1;1;1;1;1;1;1;1;1;1;1;1;1;1;1;1;1;1;1;1;1;1;1
2448035;1;01/04/2018;1;36,3;51,6;2;4;1;1;1;;0;0;36,3;0;0;3,2;0;0;0;0;0;0;0;6;0;0;0;0;0;0;0;0;0;0;0;0;0;0;6,1;0;0;;1;1;1;1;1;1;1;1;1;1;1;1;1;1;1;1;1;1;1;1;1;1;1;1;1;1;1;1;1;1;0
2448035;1;01/03/2018;1;42,1;120,9;20;13;1;1;1;;0;0;3,4;0,2;5,9;0;0;3,9;0,5;0;0;0;0;0;0;4,9;14,1;0;0;0;42,1;7,3;0;0;0;25,4;0;1,2;5,8;0;0;6,2;1;1;1;1;1;1;1;1;1;1;1;1;1;1;1;1;1;1;1;1;1;1;1;1;1;1;1;1;1;1;1
2448035;1;01/02/2018;1;30,1;57,9;13;8;1;1;1;;0;0;0;2,1;0;0;0;0;0;3,1;0;12,4;0;30,1;1,5;0;0;0;0;0;0;0;7,5;0;0,6;0;0;0,6;0;;;;1;1;1;1;1;1;1;1;1;1;1;1;1;1;1;1;1;1;1;1;1;1;1;1;1;1;1;1;0;;
2448035;1;01/01/2018;1;61;259,8;26;24;1;1;1;;0;41,9;6,5;0;2,9;0;0;5,7;3,4;2,9;0,5;0;0;15,2;1;0,8;19,3;3,8;10,5;20,3;23,1;0;0;2,1;2,8;9;61;11,6;0,2;10,1;4,7;0,5;1;1;1;1;1;1;1;1;1;1;1;1;1;1;1;1;1;1;1;1;1;1;1;1;1;1;1;1;1;1;1
2448035;1;01/09/2017;1;18,2;18,2;30;1;1;1;1;;0;0;0;0;0;0;0;0;0;0;0;0;0;0;0;0;0;0;0;0;0;0;0;0;0;0;0;0;0;0;18,2;;1;1;1;1;1;1;1;1;1;1;1;1;1;1;1;1;1;1;1;1;1;1;1;1;1;1;1;1;1;1;0
2448035;1;01/08/2017;1;40,1;73,9;20;7;1;1;1;;0;0;0;3,1;0;0;0;0;0;0;0;0;0;6,7;1,2;5,3;0;0;0;16,2;40,1;1,3;0;0;0;0;0;0;0;0;0;0;1;1;1;1;1;1;1;1;1;1;1;1;1;1;1;1;1;1;1;1;1;1;1;1;1;1;1;1;1;1;1
2448035;1;01/07/2017;1;11,2;11,8;17;2;1;1;1;;0;0,6;0;0;0;0;0;0;0;0;0;0;0;0;0;0;0;11,2;0;0;0;0;0;0;0;0;0;0;0;0;0;0;1;1;1;1;1;1;1;1;1;1;1;1;1;1;1;1;1;1;1;1;1;1;1;1;1;1;1;1;1;1;1
2448035;1;01/06/2017;1;39,3;126,2;5;7;1;1;1;;0;23,1;0;0;0;39,3;19,9;23,4;0;3,2;0;0;0;1,2;0;0;0;0;0;0;16,1;0;0;0;0;0;0;0;0;0;0;;1;1;1;1;1;1;1;1;1;1;1;1;1;1;1;1;1;1;1;1;1;1;1;1;1;1;1;1;1;1;0
2448035;1;01/05/2017;1;43,9;85,4;19;5;1;1;1;;0;0;0;0;0;0;9,5;0;0;0;0;0;0;0;0;0;0;0;0;43,9;3;0;20;0;0;0;0;0;0;0;9;0;1;1;1;1;1;1;1;1;1;1;1;1;1;1;1;1;1;1;1;1;1;1;1;1;1;1;1;1;1;1;1
2448035;1;01/04/2017;1;23,5;81,4;22;6;1;1;1;;0;0,1;0;0;0;0;13,3;20,1;0;0;2,3;0;0;0;0;0;0;0;0;0;0;0;23,5;0;0;0;22,1;0;0;0;0;;1;1;1;1;1;1;1;1;1;1;1;1;1;1;1;1;1;1;1;1;1;1;1;1;1;1;1;1;1;1;0
2448035;1;01/03/2017;1;23,4;141,9;25;13;1;1;1;;0;0;9,1;0;0;0;13,5;0,6;0;0;0;0;1,2;0;0;0;0;19,7;0;7,5;23,1;15,4;1,5;0;0;23,4;0;0;12,5;0,3;14,1;0;1;1;1;1;1;1;1;1;1;1;1;1;1;1;1;1;1;1;1;1;1;1;1;1;1;1;1;1;1;1;1
2448035;1;01/02/2017;1;38,2;155,9;1;11;1;1;1;;0;38,2;36,2;0;9,7;0;0;0,9;0;0;0;0;1,5;9,3;4,3;0;0;0;32,4;0;0;0;0;12,8;2,4;8,2;0;0;0;;;;1;1;1;1;1;1;1;1;1;1;1;1;1;1;1;1;1;1;1;1;1;1;1;1;1;1;1;1;0;;
2448035;1;01/01/2017;1;49,9;204,4;17;15;1;1;1;;0;0;0;0;0;0;29,2;0;14,4;0,2;42,3;1,2;0;0;0;0;0;49,9;0,5;4,3;1,6;0;0;0;0;12,2;0,9;0;12,6;23,3;3,8;8;1;1;1;1;1;1;1;1;1;1;1;1;1;1;1;1;1;1;1;1;1;1;1;1;1;1;1;1;1;1;1
2448035;1;01/12/2015;1;55,5;234,9;28;15;1;1;1;;0;11,2;0;27,2;0;0;0;1,5;21;0;0;26;0;0;0;0;0;0;0;6,7;2,6;29,7;0;0;3,6;2,8;14,7;29,3;55,5;1,3;1,8;0;1;1;1;1;1;1;1;1;1;1;1;1;1;1;1;1;1;1;1;1;1;1;1;1;1;1;1;1;1;1;1
2448035;1;01/11/2015;1;36,1;165,8;21;14;1;1;1;;0;0;0;2;0,4;16,4;24,6;0;0;0;0;2,4;11;0;7,3;1,2;19,2;0;0;9,3;32,3;36,1;0;0;0;0;0;0;1,2;0;2,4;;1;1;1;1;1;1;1;1;1;1;1;1;1;1;1;1;1;1;1;1;1;1;1;1;1;1;1;1;1;1;
2448035;1;01/10/2015;1;61,5;216,7;9;9;1;1;1;;0;0;0;24,4;0;0;0;0;0;61,5;3,5;0,2;12,7;0;0;0;0;0;0;0;0;37,9;39,8;2,6;0;0;0;0;0;0;0;34,1;1;1;1;1;1;1;1;1;1;1;1;1;1;1;1;1;1;1;1;1;1;1;1;1;1;1;1;1;1;1;1
2448035;1;01/09/2015;1;71,5;165,3;8;7;1;1;1;;0;0;0;1,2;14,7;0;0;0;71,5;0;0;0;0;0;0;0;0;0;0;0;0;0;0;0;0;8,2;33,8;0;31,9;0;4;;1;1;1;1;1;1;1;1;1;1;1;1;1;1;1;1;1;1;1;1;1;1;1;1;1;1;1;1;1;1;
2448035;1;01/08/2015;1;23,1;23,1;27;1;1;1;1;;0;0;0;0;0;0;0;0;0;0;0;0;0;0;0;0;0;0;0;0;0;0;0;0;0;0;0;23,1;0;0;0;0;1;1;1;1;1;1;1;1;1;1;1;1;1;1;1;1;1;1;1;1;1;1;1;1;1;1;1;1;1;1;1
2448035;1;01/07/2015;1;37,6;98,6;11;8;1;1;1;;0;0;0;0;0;0;0;20,4;0;0;0;37,6;2,7;0;10,6;0;0;4,3;0;0;0;4;0;0;9,9;9,1;0;0;0;0;0;0;1;1;1;1;1;1;1;1;1;1;1;1;1;1;1;1;1;1;1;1;1;1;1;1;1;1;1;1;1;1;1
2448035;1;01/06/2015;1;20,6;53,9;15;5;1;1;1;;0;1,6;0;0;0;0;0;0;0;0;0;0;13,4;3,9;0;20,6;0;0;0;14,4;0;0;0;0;0;0;0;0;0;0;0;;1;1;1;1;1;1;1;1;1;1;1;1;1;1;1;1;1;1;1;1;1;1;1;1;1;1;1;1;1;1;
2448035;1;01/05/2015;1;21,6;97,2;27;7;1;1;1;;0;0;0;0;16,5;0;0;0;0;0;10,7;21,2;0;11,7;0,3;0;0;0;0;0;0;0;0;0;0;0;15,2;21,6;0;0;0;0;1;1;1;1;1;1;1;1;1;1;1;1;1;1;1;1;1;1;1;1;1;1;1;1;1;1;1;1;1;1;1
2448035;1;01/04/2015;1;23,3;58,8;22;4;1;1;1;;0;0;0;0;0;0;0;0;0;0;0;0;0;0;0;0;0;0;18,9;0;0;8;23,3;0;0;8,6;0;0;0;0;0;;1;1;1;1;1;1;1;1;1;1;1;1;1;1;1;1;1;1;1;1;1;1;1;1;1;1;1;1;1;1;
2448035;1;01/03/2015;1;35,6;116,5;28;9;1;1;1;;0;0;0;0;0;0;12,1;0;2,7;0;2,9;0;2,7;0;0;0;0;0;0;6,3;0;9,7;0;0;0;0;0;0;35,6;34,2;10,3;0;1;1;1;1;1;1;1;1;1;1;1;1;1;1;1;1;1;1;1;1;1;1;1;1;1;1;1;1;1;1;1
2448035;1;01/02/2015;1;31,9;214,4;27;13;1;1;1;;0;0;31,2;0;5,7;0;0;0;0;0;0;26,4;0;1,7;3,6;20,3;11,5;0,5;12,7;25,9;0;17,2;0;0;25,8;0;0;31,9;0;;;;1;1;1;1;1;1;1;1;1;1;1;1;1;1;1;1;1;1;1;1;1;1;1;1;1;1;1;1;;;
2448035;1;01/01/2015;1;69,7;204,9;25;14;1;1;1;;0;0;2,4;0;21,3;5,1;18,2;16,7;0;2;0;11,8;9,6;2,5;23,4;0;0;7,5;0;0;4,3;0;0;0;0;69,7;0;0;10,4;0;0;0;1;1;1;1;1;1;1;1;1;1;1;1;1;1;1;1;1;1;1;1;1;1;1;1;1;1;1;1;1;1;1
2448035;1;01/12/2014;1;57,8;165,4;23;10;1;1;1;;;0;0;0;0;0;0;0;0;8,9;0;0;1,7;13,8;0;0;0;0;0;0;0;0;23,4;57,8;0;19,9;0;0;13,4;3,1;21,4;2;1;1;1;1;1;1;1;1;1;1;1;1;1;1;1;1;1;1;1;1;1;1;1;1;1;1;1;1;1;1;1
2448035;1;01/11/2014;1;55,4;171,1;2;12;1;1;1;;;0;55,4;0;0;25,5;14,4;0;16,3;0,4;0;0;0;0;13,4;8,2;0;2,8;0;0;0;4,1;0;0;5,2;9,8;15,6;0;0;0;0;;1;1;1;1;1;1;1;1;1;1;1;1;1;1;1;1;1;1;1;1;1;1;1;1;1;1;1;1;1;1;0
2448035;1;01/10/2014;1;20,9;38,3;20;5;1;1;1;;;9,5;1,9;0;0;0;0;0;0;0;0;0;0;0;0;0;0;0;4,8;0;20,9;0;1,2;0;0;0;0;0;0;0;0;0;1;1;1;1;1;1;1;1;1;1;1;1;1;1;1;1;1;1;1;1;1;1;1;1;1;1;1;1;1;1;1
2448035;1;01/09/2014;1;69,3;147,6;19;11;1;1;1;;;22,7;0;0;0;0;0;0;0;0;0;0;0;0;0;0;0;0;0;69,3;6,7;3;0;0;12,3;3,4;8,7;8;10,2;0,9;2,4;;1;1;1;1;1;1;1;1;1;1;1;1;1;1;1;1;1;1;1;1;1;1;1;1;1;1;1;1;1;1;0
2448035;1;01/08/2014;1;19;36,7;13;4;1;1;1;;;0;0;0;0;0;0;0;0;0;0;0;0;19;0;0;0;13,5;0,7;0;0;0;0;0;0;0;3,5;0;0;0;0;0;1;1;1;1;1;1;1;1;1;1;1;1;1;1;1;1;1;1;1;1;1;1;1;1;1;1;1;1;1;1;1
2448035;1;01/07/2014;1;14,2;22,3;19;2;1;1;1;;;0;0;0;0;0;0;0;0;0;0;0;0;0;0;0;0;0;0;14,2;0;0;0;0;0;8,1;0;0;0;0;0;0;1;1;1;1;1;1;1;1;1;1;1;1;1;1;1;1;1;1;1;1;1;1;1;1;1;1;1;1;1;1;1
2448035;1;01/06/2014;1;49,9;81,9;6;5;1;1;1;;;8,3;0;0;0;0;49,9;1,3;0;0;0;0;0;0;0;0;0;0;20,1;0;2,3;0;0;0;0;0;0;0;0;0;0;;1;1;1;1;1;1;1;1;1;1;1;1;1;1;1;1;1;1;1;1;1;1;1;1;1;1;1;1;1;1;0
2448035;1;01/05/2014;1;34,5;68,5;23;4;1;1;1;;;0;0;0;0;0;0;0;0;0;0;0;0;0;0;0;0;0;0;0;0;0;0;34,5;7,2;0;1,6;25,2;0;0;0;0;1;1;1;1;1;1;1;1;1;1;1;1;1;1;1;1;1;1;1;1;1;1;1;1;1;1;1;1;1;1;1
2448035;1;01/04/2014;1;21,6;61,1;3;7;1;1;1;;;1,9;0;21,6;0;0;1,2;0;0;0;5,2;0;0;13,1;0,4;0;0;0;17,7;0;0;0;0;0;0;0;0;0;0;0;0;;1;1;1;1;1;1;1;1;1;1;1;1;1;1;1;1;1;1;1;1;1;1;1;1;1;1;1;1;1;1;0
2448035;1;01/03/2014;1;50,2;207,7;1;12;1;1;1;;;50,2;0;0,5;33,4;0;0;26,1;5,3;0;0;10,6;2,5;0;27,4;0,5;0;0;0;0;0;19,1;0;7,4;0;0;0;0;0;0;0;24,7;1;1;1;1;1;1;1;1;1;1;1;1;1;1;1;1;1;1;1;1;1;1;1;1;1;1;1;1;1;1;1
2448035;1;01/02/2014;1;39,1;113,2;15;10;1;1;1;;;0;0;0;0;0;0;0;0;0;0;0;0;0,4;0;39,1;2,7;0;0;0;0;8,9;0,1;11,9;12,5;6,8;0;29,6;1,2;;;;1;1;1;1;1;1;1;1;1;1;1;1;1;1;1;1;1;1;1;1;1;1;1;1;1;1;1;1;0;;
2448035;1;01/01/2014;1;39,8;103,7;13;7;1;1;1;;;11,2;0;0;0;0;0;0;0;12,5;0;0;0;39,8;0;0;5,2;6,1;0;26,6;0;0;0;2,3;0;0;0;0;0;0;0;0;1;1;1;1;1;1;1;1;1;1;1;1;1;1;1;1;1;1;1;1;1;1;1;1;1;1;1;1;1;1;1
2448035;1;01/08/2013;1;15,2;20,1;14;3;1;1;1;;;0;0;0;0;0;0;0;0;0;0;0;0;0;15,2;0,5;0;0;0;0;0;0;0;0;0;0;0;4,4;0;0;0;0;1;1;1;1;1;1;1;1;1;1;1;1;1;1;1;1;1;1;1;1;1;1;1;1;1;1;1;1;1;1;1
2448035;1;01/07/2013;1;40,4;117,7;21;6;1;1;1;;;34,1;0;0;0;0;2,3;0;0;0;0;0;0;0;0;0;0;0;0;0;12,7;40,4;25,9;0;2,3;0;0;0;0;0;0;0;1;1;1;1;1;1;1;1;1;1;1;1;1;1;1;1;1;1;1;1;1;1;1;1;1;1;1;1;1;1;1
2448035;1;01/06/2013;1;47,3;251,3;24;12;1;1;1;;;0;22,3;12,8;0;0;0;0;0;0;0;0;0;0;0;29,8;6,7;0;0;0;0;38,5;11,5;20,6;47,3;26,6;27,7;0,3;0;0;7,2;;1;1;1;1;1;1;1;1;1;1;1;1;1;1;1;1;1;1;1;1;1;1;1;1;1;1;1;1;1;1;0
2448035;1;01/05/2013;1;18,1;71;27;7;1;1;1;;;0;0;0;0;0;2,3;0;0;5,3;0;0;0;0;0;0;0;0;0;0;0;0;0;14,7;0;4,2;0;18,1;16,1;10,3;0;0;1;1;1;1;1;1;1;1;1;1;1;1;1;1;1;1;1;1;1;1;1;1;1;1;1;1;1;1;1;1;1
2448035;1;01/04/2013;1;21,9;58,4;5;4;1;1;1;;;0;0;18,2;0;21,9;0;0;2,3;0;0;0;0;16;0;0;0;0;0;0;0;0;0;0;0;0;0;0;0;0;0;;1;1;1;1;1;1;1;1;1;1;1;1;1;1;1;1;1;1;1;1;1;1;1;1;1;1;1;1;1;1;0
2448035;1;01/03/2013;1;29,2;148,5;11;12;1;1;1;;;0;6,1;0;0;9,5;0;0;0;13,6;8,3;29,2;15,8;0,2;0;6,7;0;21,3;0;0;28,6;0;8,7;0;0;0;0;0,5;0;0;0;0;1;1;1;1;1;1;1;1;1;1;1;1;1;1;1;1;1;1;1;1;1;1;1;1;1;1;1;1;1;1;1
2448035;1;01/02/2013;1;34,1;203,4;21;16;1;1;1;;;0;0;8,2;3,7;27,3;0;3,1;2,7;8,6;1,5;0;0;13,7;0;0;0;0;33;1,2;0;34,1;0,9;4,3;26,5;0;31,5;3,1;0;;;;1;1;1;1;1;1;1;1;1;1;1;1;1;1;1;1;1;1;1;1;1;1;1;1;1;1;1;1;0;;
2448035;1;01/01/2013;1;28,2;124,6;15;11;1;1;1;;;17,9;3,2;0;0;0;8,2;23,5;0;6,1;17;0;0;1,2;0;28,2;17,6;1,5;0,2;0;0;0;0;0;0;0;0;0;0;0;0;0;1;1;1;1;1;1;1;1;1;1;1;1;1;1;1;1;1;1;1;1;1;1;1;1;1;1;1;1;1;1;1
2448035;1;01/12/2012;1;29,5;166,4;17;12;;;;;;0;24,5;0;0;0;1;0;0;3,2;0;0;0;0;26,6;0;2,7;29,5;0;3,4;0;19,2;0;0;0;5,1;0;29,3;0;0;15,7;6,2;1;1;1;1;1;1;1;1;1;1;1;1;1;1;1;1;1;1;1;1;1;1;1;1;1;1;1;1;1;1;1
2448035;1;01/11/2012;1;63,8;131,3;1;10;;;;;;63,8;0;0,3;0;0;0;0;0;18,2;6,1;2,5;22,9;2,3;0;0;0;0;3,8;0;0;0;0;0;0;2;0;9,4;0;0;0;;1;1;1;1;1;1;1;1;1;1;1;1;1;1;1;1;1;1;1;1;1;1;1;1;1;1;1;1;1;1;0
2448035;1;01/10/2012;1;37,7;124,2;23;9;;;;;;0;0;0;1,1;0;0;0;0;0;0;0;11,4;0;0;0;0;0;0;7,8;1,5;0;0;37,7;21;0;2;0;36,3;0;0;5,4;1;1;1;1;1;1;1;1;1;1;1;1;1;1;1;1;1;1;1;1;1;1;1;1;1;1;1;1;1;1;1
2448035;1;01/09/2012;1;26,3;77,9;26;5;;;;;;0;0;0;0;0;0;0;0;0;0;0;0;0;0;0;0;0;0;0;14,7;12,1;0;0;14,1;10,7;26,3;0;0;0;0;;1;1;1;1;1;1;1;1;1;1;1;1;1;1;1;1;1;1;1;1;1;1;1;1;1;1;1;1;1;1;0
2448035;1;01/08/2012;1;8,5;8,5;29;1;;;;;;0;0;0;0;0;0;0;0;0;0;0;0;0;0;0;0;0;0;0;0;0;0;0;0;0;0;0;0;8,5;0;0;1;1;1;1;1;1;1;1;1;1;1;1;1;1;1;1;1;1;1;1;1;1;1;1;1;1;1;1;1;1;1
2448035;1;01/07/2012;1;35,2;125,1;12;9;;;;;;0;0;0;0;0;0;13,1;26,8;14,7;0;15,2;35,2;0;0;3,2;6,6;0;0;0;8,5;0;0;0;0;0;0;0;0;0;0;1,8;1;1;1;1;1;1;1;1;1;1;1;1;1;1;1;1;1;1;1;1;1;1;1;1;1;1;1;1;1;1;1
2448035;1;01/06/2012;1;77,5;263,4;5;14;;;;;;9,5;0;0;25,6;77,5;12,6;0;23,4;0;9,7;0;21,6;0;0;0;15,7;1,6;4,2;2,3;0;26,2;33,2;0,3;0;0;0;0;0;0;0;;1;1;1;1;1;1;1;1;1;1;1;1;1;1;1;1;1;1;1;1;1;1;1;1;1;1;1;1;1;1;0
2448035;1;01/05/2012;1;29,2;63,2;31;5;;;;;;0;0;0;0;0;0;6,5;0;0;0;0;0;0;0;0;0;0;0;0;0;0;2,1;0;0;0;24,2;1,2;0;0;0;29,2;1;1;1;1;1;1;1;1;1;1;1;1;1;1;1;1;1;1;1;1;1;1;1;1;1;1;1;1;1;1;1
2448035;1;01/04/2012;1;41,8;194,3;26;8;;;;;;0;0;0;0;0;0;0;0;0;1,3;0;26,5;0;34,9;0;0;0;0;0;0;5,9;0;0;0;0;41,8;37,6;0;25,2;21,1;;1;1;1;1;1;1;1;1;1;1;1;1;1;1;1;1;1;1;1;1;1;1;1;1;1;1;1;1;1;1;0
2448035;1;01/03/2012;1;27,9;66,3;26;5;;;;;;1,8;0;0;0;0;0;0;0;0;0;0;0;0;0;20,9;0;0;0;13,6;0;0;0;0;2,1;0;27,9;0;0;0;0;0;1;1;1;1;1;1;1;1;1;1;1;1;1;1;1;1;1;1;1;1;1;1;1;1;1;1;1;1;1;1;1
2448035;1;01/02/2012;1;25,2;118,4;24;9;;;;;;0;0;0;0;0;0;0;24,8;0;0;0;0;21,9;2;0;4,5;0;0;0;0;0;0;3,9;25,2;0,7;0;0;21,3;14,1;;;1;1;1;1;1;1;1;1;1;1;1;1;1;1;1;1;1;1;1;1;1;1;1;1;1;1;1;1;1;0;
2448035;1;01/01/2012;1;67,4;348,4;7;14;1;1;1;;;0;0;0;0;0;0;67,4;6,8;0;0;0;28,1;6,3;0;27,3;0;0;12,7;0;13,1;13,5;21,2;17,8;25,6;37,3;63,8;0;7,5;0;0;0;1;1;1;1;1;1;1;1;1;1;1;1;1;1;1;1;1;1;1;1;1;1;1;1;1;1;1;1;1;1;1
2448035;1;01/12/2011;1;30,4;169,3;29;10;1;1;1;;;0;0;15,2;0;0;0;0;0;29,2;23,5;0;0;1,8;12,3;7,8;0;0;0;0;0;0;0;0;0;25,1;12,2;0;0;30,4;0;11,8;1;1;1;1;1;1;1;1;1;1;1;1;1;1;1;1;1;1;1;1;1;1;1;1;1;1;1;1;1;1;1
2448035;1;01/11/2011;1;21,5;44,3;14;5;1;1;1;;;0;0;0;0;0;0;0;0;0;0;0;0;0;21,5;11;7,5;0,8;0;0;0;0;3,5;0;0;0;0;0;0;0;0;;1;1;1;1;1;1;1;1;1;1;1;1;1;1;1;1;1;1;1;1;1;1;1;1;1;1;1;1;1;1;0
2448035;1;01/10/2011;1;42,8;202,4;15;14;1;1;1;;;0;0;0;0;0;0;0;0;23,5;14,1;4,8;2,5;20,6;17,5;42,8;3,4;12,8;0;0;0;0;0;0;0;0;10;0;23,4;1,3;8,3;17,4;1;1;1;1;1;1;1;1;1;1;1;1;1;1;1;1;1;1;1;1;1;1;1;1;1;1;1;1;1;1;1
2448035;1;01/09/2011;1;7,6;13,7;9;2;1;1;1;;;0;0;0;0;0;0;0;0;7,6;0;0;0;0;0;0;0;0;0;0;0;0;0;0;6,1;0;0;0;0;0;0;;1;1;1;1;1;1;1;1;1;1;1;1;1;1;1;1;1;1;1;1;1;1;1;1;1;1;1;1;1;1;0
2448035;1;01/08/2011;1;52,7;201,7;1;15;1;1;1;;;52,7;26,8;2,2;0;0;2,1;0;0;0;29,6;0,9;4,3;0;0;0;0;28,1;16,1;0,7;18,7;3,3;2,8;0;0;0,6;0;0;0;0;0;12,8;1;1;1;1;1;1;1;1;1;1;1;1;1;1;1;1;1;1;1;1;1;1;1;1;1;1;1;1;1;1;1
2448035;1;01/07/2011;1;39,5;143;31;8;1;1;1;;;23,1;16,9;16,5;23,4;0;0;0;0;0;0;0;0;0;0;0;0;0;8,4;0;0;0;10,4;0;0;0;0;0;0;0;4,8;39,5;1;1;1;1;1;1;1;1;1;1;1;1;1;1;1;1;1;1;1;1;1;1;1;1;1;1;1;1;1;1;1
2448035;1;01/06/2011;1;49,1;85,4;9;5;1;1;1;;;0;0;0;0;0;0;0;19,2;49,1;0;0;0;0;0;0;0;0;0;0;0;0;0;0;0;10,3;0;3,9;0;0;2,9;;1;1;1;1;1;1;1;1;1;1;1;1;1;1;1;1;1;1;1;1;1;1;1;1;1;1;1;1;1;1;0
2448035;1;01/05/2011;1;15,2;25,7;13;4;1;1;1;;;0;0;0;0;2;0;0;0;0;0;1,8;0;15,2;0;0;6,7;0;0;0;0;0;0;0;0;0;0;0;0;0;0;0;1;1;1;1;1;1;1;1;1;1;1;1;1;1;1;1;1;1;1;1;1;1;1;1;1;1;1;1;1;1;1
2448035;1;01/04/2011;1;26,2;60,2;14;6;1;1;1;;;0;0;0;9;0;0;0;0;0;0;0;20,9;0;26,2;0;0,2;0;0;0;0;2,4;0;1,5;0;0;0;0;0;0;0;;1;1;1;1;1;1;1;1;1;1;1;1;1;1;1;1;1;1;1;1;1;1;1;1;1;1;1;1;1;1;0
2448035;1;01/03/2011;1;32,2;64,4;13;10;1;1;1;;;0;0;0;3,7;4,7;0;1,1;0;0;0;5,2;7,2;32,2;0;0;2,2;0;0;0;0;0;0;0;0,6;0;3,8;0;0;0;0;3,7;1;1;1;1;1;1;1;1;1;1;1;1;1;1;1;1;1;1;1;1;1;1;1;1;1;1;1;1;1;1;1
2448035;1;01/02/2011;1;21;119,4;20;13;1;1;1;;;0;0;0;11;0;3,4;12,2;0;8,5;0;2;15,1;2;4,2;0;1,9;0;0;0;21;0;0;17,9;15,7;4,5;0;0;0;;;;1;1;1;1;1;1;1;1;1;1;1;1;1;1;1;1;1;1;1;1;1;1;1;1;1;1;1;1;0;;
2448035;1;01/01/2011;1;71;302,2;12;16;1;1;1;;;0;0,2;0;14,1;0;0;4,5;0,3;0;35,9;1,9;71;11,4;0;0;0;33,6;0;5,2;56,4;0;3,1;3;16,8;0;0;0;0;0;12,8;32;1;1;1;1;1;1;1;1;1;1;1;1;1;1;1;1;1;1;1;1;1;1;1;1;1;1;1;1;1;1;1
2448035;1;01/12/2010;1;35,6;271,5;17;18;1;1;1;;;18,6;17,3;0;1,3;0;21,4;0;0;0;0;0;31,3;26,1;3,2;9,7;2,3;35,6;5,3;28,2;0,7;25,2;13,9;12,8;0;0;10,1;0;8,5;0;0;0;1;1;1;1;1;1;1;1;1;1;1;1;1;1;1;1;1;1;1;1;1;1;1;1;1;1;1;1;1;1;1
2448035;1;01/11/2010;1;32;70,1;25;5;1;1;1;;;0;0;0;0;0;0;0;0;0;0;0;0;4,6;0;0;0;0;0;0;5,2;18,5;0;9,8;0;32;0;0;0;0;0;;1;1;1;1;1;1;1;1;1;1;1;1;1;1;1;1;1;1;1;1;1;1;1;1;1;1;1;1;1;1;0
2448035;1;01/10/2010;1;34,6;130,1;2;9;1;1;1;;;0;34,6;16,5;5,3;0;0;0;0;0;0;0;3;0;1,9;0;0;27,9;0;0;0;0;3,5;0;0;0;9,8;0;0;0;27,6;0;1;1;1;1;1;1;1;1;1;1;1;1;1;1;1;1;1;1;1;1;1;1;1;1;1;1;1;1;1;1;1
2448035;1;01/09/2010;1;6,3;27,3;7;8;1;1;1;;;0;0;0;0;0;0;6,3;0;0,1;0;0;0;0;0;0;0,3;0;1,9;0;5,3;0;0;0;0;0;0;5,5;5,7;0;2,2;;1;1;1;1;1;1;1;1;1;1;1;1;1;1;1;1;1;1;1;1;1;1;1;1;1;1;1;1;1;1;0
2448035;1;01/08/2010;1;11,8;33,5;2;4;1;1;1;;;0;11,8;10,4;7,1;4,2;0;0;0;0;0;0;0;0;0;0;0;0;0;0;0;0;0;0;0;0;0;0;0;0;0;0;1;1;1;1;1;1;1;1;1;1;1;1;1;1;1;1;1;1;1;1;1;1;1;1;1;1;1;1;1;1;1
2448035;1;01/07/2010;1;28,2;41,7;16;6;1;1;1;;;0;0;0;0;0;0;0;0;0;0;0;0;5,1;0,2;5,5;28,2;1,8;0;0;0,9;0;0;0;0;0;0;0;0;0;0;0;1;1;1;1;1;1;1;1;1;1;1;1;1;1;1;1;1;1;1;1;1;1;1;1;1;1;1;1;1;1;1
2448035;1;01/06/2010;1;21,7;37,6;5;7;1;1;1;;;2,6;0;0;0;21,7;1,3;0;0;0;0;0;0;0;0;0,3;0;0;0;0;1,7;0,8;9,2;0;0;0;0;0;0;0;0;;1;1;1;1;1;1;1;1;1;1;1;1;1;1;1;1;1;1;1;1;1;1;1;1;1;1;1;1;1;1;0
2448035;1;01/05/2010;1;23,5;76,3;10;8;1;1;1;;;0;0;0;0;0;0;0;0;6,2;23,5;0,2;0;0;9,1;0;21,2;0;8,1;0;1,3;0;0;0;0;6,7;0;0;0;0;0;0;1;1;1;1;1;1;1;1;1;1;1;1;1;1;1;1;1;1;1;1;1;1;1;1;1;1;1;1;1;1;1
2448035;1;01/04/2010;1;29,5;147,6;23;9;1;1;1;;;1,2;0;12,8;21,7;0;0;0;0;0;2,5;0;5,9;0;0;0;0;0;0;0;23,2;0;0;29,5;28,2;0;22,6;0;0;0;0;;1;1;1;1;1;1;1;1;1;1;1;1;1;1;1;1;1;1;1;1;1;1;1;1;1;1;1;1;1;1;0
2448035;1;01/03/2010;1;44,9;216,3;15;9;1;1;1;;;0;0;2,3;0;25,1;0;0;0;0;0;0;0;0;0;44,9;0;0;26,2;0;2,4;21;0;0;0;0;36,7;0;0;17,3;40,4;0;1;1;1;1;1;1;1;1;1;1;1;1;1;1;1;1;1;1;1;1;1;1;1;1;1;1;1;1;1;1;1
2448035;1;01/02/2010;1;43,4;192,9;1;11;1;1;1;;;43,4;0;0;0;0;0;26,5;0;2,1;0;0;35,6;0;0;0;0;28,3;12,2;3,7;2,8;0;0;2,6;0;32,8;0;2,9;0;;;;1;1;1;1;1;1;1;1;1;1;1;1;1;1;1;1;1;1;1;1;1;1;1;1;1;1;1;1;0;;
2448035;1;01/01/2010;1;64,8;447;12;19;1;1;1;;;0;10,8;12,5;0;0;2,8;0,9;46,7;47;5,5;0;64,8;6,3;9,8;30,8;0;0;0;0;34;0;59,8;7;9,7;0;0;23,1;0;34,5;36,7;4,3;1;1;1;1;1;1;1;1;1;1;1;1;1;1;1;1;1;1;1;1;1;1;1;1;1;1;1;1;1;1;1
2448035;1;01/12/2009;1;55,3;158,7;18;7;1;1;1;;;0;1,1;19;0;0;0;0;0;0;0;2,6;29,1;0;0;0;0;26,4;55,3;0;0;0;0;0;0;25,2;0;0;0;0;0;0;1;1;1;1;1;1;1;1;1;1;1;1;1;1;1;1;1;1;1;1;1;1;1;1;1;1;1;1;1;1;1
2448035;1;01/11/2009;1;40,2;175,4;15;14;1;1;1;;;0;0;0;0;0;4,4;0,5;21,3;0,3;0;0;0;8,4;0;40,2;2,3;0;0;0;6,3;0,7;0,6;32,5;0;0;29,8;0;26;2,1;0;;1;1;1;1;1;1;1;1;1;1;1;1;1;1;1;1;1;1;1;1;1;1;1;1;1;1;1;1;1;1;0
2448035;1;01/10/2009;1;31,3;169,7;9;10;1;1;1;;;0;0;0;0;0;27,2;0;9,2;31,3;0;0;14,4;0;0;25,2;0,3;7,4;10,4;15,1;0;0;0;0;0;0;0;29,2;0;0;0;0;1;1;1;1;1;1;1;1;1;1;1;1;1;1;1;1;1;1;1;1;1;1;1;1;1;1;1;1;1;1;1
2448035;1;01/09/2009;1;29,6;228,9;18;15;1;1;1;;;0;0;21,6;4,2;0;18;1,1;22,1;0;0;0;16,1;0;23,2;0,9;0;0;29,6;0;20,4;6,9;17,3;0;19,8;0;0;0;3,4;24,3;0;;1;1;1;1;1;1;1;1;1;1;1;1;1;1;1;1;1;1;1;1;1;1;1;1;1;1;1;1;1;1;0
2448035;1;01/08/2009;1;25,7;58,6;19;8;1;1;1;;;2;0;0;2,1;0;0;0;0;0;0;0;0;0;0;0;0;8,5;0;25,7;0;0;2,8;13,6;1,5;0;0;2,4;0;0;0;0;1;1;1;1;1;1;1;1;1;1;1;1;1;1;1;1;1;1;1;1;1;1;1;1;1;1;1;1;1;1;1
2448035;1;01/07/2009;1;50,2;286,8;11;16;1;1;1;;;0,1;20,4;0;0;0;7,5;0;0;0;9,1;50,2;9;0;0;0;11,8;0;0;0;0;0;0;39,2;31,2;0,3;13,8;33,9;28,3;3,1;23,1;5,8;1;1;1;1;1;1;1;1;1;1;1;1;1;1;1;1;1;1;1;1;1;1;1;1;1;1;1;1;1;1;1
2448035;1;01/06/2009;1;26,2;91,2;16;9;1;1;1;;;0;0;1,4;0;0;0;0;1,1;0;13,2;3,1;0;0;0;0;26,2;0;0;0;0;0;0;0;0;7,6;18,3;0;0;6,5;13,8;;1;1;1;1;1;1;1;1;1;1;1;1;1;1;1;1;1;1;1;1;1;1;1;1;1;1;1;1;1;1;0
2448035;1;01/05/2009;1;25,5;55,8;9;6;1;1;1;;;0;0;0;16,2;1,2;2,9;0;0;25,5;0;0;0;0;0;0;0;0;0;0;0;0;0;0;0;0;9,8;0,2;0;0;0;0;1;1;1;1;1;1;1;1;1;1;1;1;1;1;1;1;1;1;1;1;1;1;1;1;1;1;1;1;1;1;1
2448035;1;01/04/2009;1;4,1;6,1;5;4;1;1;1;;;0;0;0;0;4,1;0,3;0;0;0;0;0;0;0;0,4;1,3;0;0;0;0;0;0;0;0;0;0;0;0;0;0;0;;1;1;1;1;1;1;1;1;1;1;1;1;1;1;1;1;1;1;1;1;1;1;1;1;1;1;1;1;1;1;0
2448035;1;01/03/2009;1;26,2;55,4;13;4;1;1;1;;;4,6;17,8;0;0;0;0;0;0;0;0;0;0;26,2;0;0;0;0;0;0;0;0;0;0;0;0;0;0;0;6,8;0;0;1;1;1;1;1;1;1;1;1;1;1;1;1;1;1;1;1;1;1;1;1;1;1;1;1;1;1;1;1;1;1
2448035;1;01/02/2009;1;39,2;217,7;28;14;1;1;1;;;7,9;0;15,6;0;0;0;3,4;0;0;0;0;14,9;0;25,9;0;26,1;5,6;0;0;0;9,4;0;32,8;2,8;19,4;12,1;2,6;39,2;;;;1;1;1;1;1;1;1;1;1;1;1;1;1;1;1;1;1;1;1;1;1;1;1;1;1;1;1;1;0;;
2448035;1;01/01/2009;1;39,6;198,4;20;13;1;1;1;;;0;0;2,2;0;18,2;0;9,6;0;0;31,3;14,8;0;0;0;18,3;6,2;0;0,8;0;39,6;0;0;3,2;0;4,1;0;24,5;0;0;0;25,6;1;1;1;1;1;1;1;1;1;1;1;1;1;1;1;1;1;1;1;1;1;1;1;1;1;1;1;1;1;1;1
2448035;1;01/12/2008;1;24,7;87,2;3;8;1;1;1;;;0;0;24,7;0,9;0;5,9;0;0;0;0;0;15,2;0;0;0;0;0;8,3;0;0;0;4,2;0;0;21,2;0;6,8;0;0;0;0;1;1;1;1;1;1;1;1;1;1;1;1;1;1;1;1;1;1;1;1;1;1;1;1;1;1;1;1;1;1;1
2448035;1;01/11/2008;1;46;123,4;7;10;1;1;1;;;25,3;0,2;17,8;0,9;0;0;46;0;0;8,2;0;0;6,1;0;0;0;0;6,5;0;0;0;0;0;0;4,6;0;7,8;0;0;0;;1;1;1;1;1;1;1;1;1;1;1;1;1;1;1;1;1;1;1;1;1;1;1;1;1;1;1;1;1;1;0
2448035;1;01/10/2008;1;37,3;177,1;5;14;1;1;1;;;0;20,9;0;0;37,3;0;0;0;0;0;0;4,8;0;9,5;0;0;29,7;0,2;1,8;0;16,8;0,9;0;2,7;3,5;0;9,8;8,9;30,3;0;0;1;1;1;1;1;1;1;1;1;1;1;1;1;1;1;1;1;1;1;1;1;1;1;1;1;1;1;1;1;1;1
2448035;1;01/09/2008;1;37,1;79,4;21;6;1;1;1;;;0;0;0;0;9,8;0;0;0;0;0;0;0;22,5;6,4;0;0;0;0;0;0;37,1;0,4;0;0;0;0;0;0;0;3,2;;1;1;1;1;1;1;1;1;1;1;1;1;1;1;1;1;1;1;1;1;1;1;1;1;1;1;1;1;1;1;0
2448035;1;01/08/2008;1;36,9;100,8;8;9;1;1;1;;;0;0;2,8;1,5;9,8;0;7,4;36,9;0,8;27,1;0;0;0;6,2;0;8,3;0;0;0;0;0;0;0;0;0;0;0;0;0;0;0;1;1;1;1;1;1;1;1;1;1;1;1;1;1;1;1;1;1;1;1;1;1;1;1;1;1;1;1;1;1;1
2448035;1;01/07/2008;1;41,4;46,8;24;2;1;1;1;;;0;0;0;5,4;0;0;0;0;0;0;0;0;0;0;0;0;0;0;0;0;0;0;0;41,4;0;0;0;0;0;0;0;1;1;1;1;1;1;1;1;1;1;1;1;1;1;1;1;1;1;1;1;1;1;1;1;1;1;1;1;1;1;1
2448035;1;01/06/2008;1;21,3;58,2;4;7;1;1;1;;;0;0;0;21,3;0;0;0;0;0,7;4,8;0;8,2;7,5;0,9;0;0;0;0;0;0;14,8;0;0;0;0;0;0;0;0;0;;1;1;1;1;1;1;1;1;1;1;1;1;1;1;1;1;1;1;1;1;1;1;1;1;1;1;1;1;1;1;0
2448035;1;01/05/2008;1;28,9;56,1;3;3;1;1;1;;;0;0;28,9;2,6;0;0;0;0;0;0;0;0;0;0;0;0;0;0;0;0;0;0;0;0;0;0;0;0;24,6;0;0;1;1;1;1;1;1;1;1;1;1;1;1;1;1;1;1;1;1;1;1;1;1;1;1;1;1;1;1;1;1;1
2448035;1;01/04/2008;1;31,5;111,5;30;10;1;1;1;;;0;9,3;0,3;0;0;0;0;0;0;0;0,4;27,8;0;20,8;0;0;0;5,8;0;0;0;6,8;0;0;0;0,6;0;8,2;0;31,5;;1;1;1;1;1;1;1;1;1;1;1;1;1;1;1;1;1;1;1;1;1;1;1;1;1;1;1;1;1;1;0
2448035;1;01/03/2008;1;31,2;139,9;20;6;1;1;1;;;17,3;0;0;0;0;0;0;0;0;0;0;0;29,7;8,5;0;0;0;0;0;31,2;0;0;26,8;0;0;0;0;0;0;26,4;0;1;1;1;1;1;1;1;1;1;1;1;1;1;1;1;1;1;1;1;1;1;1;1;1;1;1;1;1;1;1;1
2448035;1;01/02/2008;1;29,7;176,7;7;12;1;1;1;;;0;3,2;0;0;8,9;2,3;29,7;8,2;0;0;26,5;0;0;0;0;0;0,7;18,2;0;23,5;0;0;0;0;28,4;0,9;0;26,2;0;;;1;1;1;1;1;1;1;1;1;1;1;1;1;1;1;1;1;1;1;1;1;1;1;1;1;1;1;1;1;0;
2448035;1;01/01/2008;1;37,9;213,9;2;13;1;1;1;;;0;37,9;0;0;0;0;0;19,8;0;0;12,3;0;36,9;0;0;2,9;0,4;0;0;1,2;12,8;2,5;0;0;29,6;7,2;0;23,8;0;26,6;0;1;1;1;1;1;1;1;1;1;1;1;1;1;1;1;1;1;1;1;1;1;1;1;1;1;1;1;1;1;1;1
2448035;1;01/12/2007;1;29,4;117,8;22;10;1;1;1;;;0;25,8;0,7;0;0;0;0;0;0;20,8;0;0;0;0;0;13,4;0;3,8;0;5,6;0;29,4;0;0;14,2;0;3,8;0,3;0;0;0;1;1;1;1;1;1;1;1;1;1;1;1;1;1;1;1;1;1;1;1;1;1;1;1;1;1;1;1;1;1;1
2448035;1;01/11/2007;1;21,6;88,8;3;10;1;1;1;;;0;8,5;21,6;3,9;10,1;0;0;0;12,5;0;8,2;0;0;0;0;8,2;7,3;0;2,9;0;0;0;0;0;0;0;0;5,6;0;0;;1;1;1;1;1;1;1;1;1;1;1;1;1;1;1;1;1;1;1;1;1;1;1;1;1;1;1;1;1;1;0
2448035;1;01/10/2007;1;28,7;69,1;13;7;1;1;1;;;0;0;0;0;0;0;0;0;0;0;0;0;28,7;0,2;0;18,5;0;3,4;0;0;0;4,2;0;0;1,3;0;0;12,8;0;0;0;1;1;1;1;1;1;1;1;1;1;1;1;1;1;1;1;1;1;1;1;1;1;1;1;1;1;1;1;1;1;1
2448035;1;01/09/2007;1;24,3;48,6;19;3;1;1;1;;;0;0;0;0;0;0;0;0;0;0;0;0;0;0;0;0;0;0;24,3;0;2,5;0;0;0;0;0;0;0;21,8;0;;1;1;1;1;1;1;1;1;1;1;1;1;1;1;1;1;1;1;1;1;1;1;1;1;1;1;1;1;1;1;0
2448035;1;01/08/2007;1;38,7;38,7;29;1;1;1;1;;;0;0;0;0;0;0;0;0;0;0;0;0;0;0;0;0;0;0;0;0;0;0;0;0;0;0;0;0;38,7;0;0;1;1;1;1;1;1;1;1;1;1;1;1;1;1;1;1;1;1;1;1;1;1;1;1;1;1;1;1;1;1;1
2448035;1;01/07/2007;1;29,7;138,4;25;9;1;1;1;;;0;0;0;0;0;0;0;0;0;0;0;0;8,7;3,8;1,2;9,5;21,1;15,8;19,4;0;0;0;29,2;0;29,7;0;0;0;0;0;0;1;1;1;1;1;1;1;1;1;1;1;1;1;1;1;1;1;1;1;1;1;1;1;1;1;1;1;1;1;1;1
2448035;1;01/06/2007;1;12,6;12,6;2;1;1;1;1;;;0;12,6;0;0;0;0;0;0;0;0;0;0;0;0;0;0;0;0;0;0;0;0;0;0;0;0;0;0;0;0;;1;1;1;1;1;1;1;1;1;1;1;1;1;1;1;1;1;1;1;1;1;1;1;1;1;1;1;1;1;1;0
2448035;1;01/05/2007;1;25,7;77;19;4;1;1;1;;;0;0;0;0;0;0;0;0;21,2;0;0;0;0;0;0;0;0;0;25,7;8,3;0;21,8;0;0;0;0;0;0;0;0;0;1;1;1;1;1;1;1;1;1;1;1;1;1;1;1;1;1;1;1;1;1;1;1;1;1;1;1;1;1;1;1
2448035;1;01/04/2007;1;26,8;53,6;27;4;1;1;1;;;0;0;0;0;0;0;0;21,4;0;0;3,1;0;0;0;0;0;0;0;0;0;0;0;2,3;0;0;0;26,8;0;0;0;;1;1;1;1;1;1;1;1;1;1;1;1;1;1;1;1;1;1;1;1;1;1;1;1;1;1;1;1;1;1;0
2448035;1;01/03/2007;1;34,4;167,9;12;8;1;1;1;;;0;0;0;0;25,8;3,2;0;26,7;0;0;0;34,4;0;0;9,2;29,1;0;0;12,3;0;0;0;0;27,2;0;0;0;0;0;0;0;1;1;1;1;1;1;1;1;1;1;1;1;1;1;1;1;1;1;1;1;1;1;1;1;1;1;1;1;1;1;1
2448035;1;01/02/2007;1;32,5;136,4;11;9;1;1;1;;;0;0;19,6;0;6,3;0;0;25,8;0;0;32,5;0;0;0;0;0;8,2;0;16,3;0,4;0;0;20,2;0;0;7,1;0;0;;;;1;1;1;1;1;1;1;1;1;1;1;1;1;1;1;1;1;1;1;1;1;1;1;1;1;1;1;1;0;;
2448035;1;01/01/2007;1;31,7;182,8;23;13;1;1;1;;;0;5,2;0;0;0;24,6;0;0;13,8;0;0;0;0;0;2,1;12,8;0,2;23,2;0;12,1;30,5;0;31,7;0;8,6;6,8;0;11,2;0;0;0;1;1;1;1;1;1;1;1;1;1;1;1;1;1;1;1;1;1;1;1;1;1;1;1;1;1;1;1;1;1;1
2448035;1;01/12/2006;1;29,2;127,7;1;9;1;1;1;;;29,2;6,7;0;25,4;0;12,9;0;3,5;0;0;0;0;0;0;0;0;0;0;0;0;0;0;19,3;0,8;0;26,5;0;3,4;0;0;0;1;1;1;1;1;1;1;1;1;1;1;1;1;1;1;1;1;1;1;1;1;1;1;1;1;1;1;1;1;1;1
2448035;1;01/11/2006;1;43,5;220,1;26;13;1;1;1;;;0;0;0;0;19,8;0;3,2;0;21,9;0,2;13,5;0;0;0;0;0;11,6;0;0;0;29,1;0,8;17,3;0;0;43,5;31,2;12,3;15,7;0;;1;1;1;1;1;1;1;1;1;1;1;1;1;1;1;1;1;1;1;1;1;1;1;1;1;1;1;1;1;1;0
2448035;1;01/10/2006;1;23,4;66,1;16;8;1;1;1;;;0,3;12,9;0;0,7;0;0;1,8;0;0;18,3;0;0;0;0;0;23,4;0,1;0;8,6;0;0;0;0;0;0;0;0;0;0;0;0;1;1;1;1;1;1;1;1;1;1;1;1;1;1;1;1;1;1;1;1;1;1;1;1;1;1;1;1;1;1;1
2448035;1;01/09/2006;1;38,4;101,4;2;7;1;1;1;;;0;38,4;0;0;0;0;0;0;0;0;3,2;0;0;0;0;0;29,2;0;0;0;9,8;0;0;0,9;0;0;0;0;6,2;13,7;;1;1;1;1;1;1;1;1;1;1;1;1;1;1;1;1;1;1;1;1;1;1;1;1;1;1;1;1;1;1;0
2448035;1;01/08/2006;1;31,6;64,5;19;5;1;1;1;;;0;3,1;0;0;0;0;0;0;0;0;0;0;0;0;0;0;0;0;31,6;0,9;0;0;0;0;0;0;22,1;0;0;0;6,8;1;1;1;1;1;1;1;1;1;1;1;1;1;1;1;1;1;1;1;1;1;1;1;1;1;1;1;1;1;1;1
2448035;1;01/07/2006;1;20,4;44,5;10;4;1;1;1;;;0;0;0;3,1;0;0;0;0;0;20,4;0;0;0;0;0;0;0;0;0;0;0;0;0;0;0;0;0;8,2;12,8;0;0;1;1;1;1;1;1;1;1;1;1;1;1;1;1;1;1;1;1;1;1;1;1;1;1;1;1;1;1;1;1;1
2448035;1;01/06/2006;1;16,3;28,8;25;4;1;1;1;;;0;0;2,3;0;0;8,2;0;0;0;0;0;0;0;0;0;0;0;0;0;0;0;2;0;0;16,3;0;0;0;0;0;;1;1;1;1;1;1;1;1;1;1;1;1;1;1;1;1;1;1;1;1;1;1;1;1;1;1;1;1;1;1;0
2448035;1;01/05/2006;1;8,2;8,2;22;1;1;1;1;;;0;0;0;0;0;0;0;0;0;0;0;0;0;0;0;0;0;0;0;0;0;8,2;0;0;0;0;0;0;0;0;0;1;1;1;1;1;1;1;1;1;1;1;1;1;1;1;1;1;1;1;1;1;1;1;1;1;1;1;1;1;1;1
2448035;1;01/04/2006;1;26,3;35,5;7;2;1;1;1;;;0;0;0;0;0;0;26,3;0;0;0;0;0;0;0;9,2;0;0;0;0;0;0;0;0;0;0;0;0;0;0;0;;1;1;1;1;1;1;1;1;1;1;1;1;1;1;1;1;1;1;1;1;1;1;1;1;1;1;1;1;1;1;0
2448035;1;01/03/2006;1;31,2;168,1;11;9;1;1;1;;;0;30,5;0;0;9,4;0;0;25,6;0;0;31,2;0;0;0;0;0;0;25,6;0;0;0;0;23,3;0;0;8,1;14,2;0,2;0;0;0;1;1;1;1;1;1;1;1;1;1;1;1;1;1;1;1;1;1;1;1;1;1;1;1;1;1;1;1;1;1;1
2448035;1;01/02/2006;1;46,9;181,6;8;9;1;1;1;;;0;0;0;19,2;0,6;0;18,5;46,9;0;32,3;0;28,1;0;0;0;0;0;0;22,6;0;5,1;0;0;8,3;0;0;0;0;;;;1;1;1;1;1;1;1;1;1;1;1;1;1;1;1;1;1;1;1;1;1;1;1;1;1;1;1;1;0;;
2448035;1;01/01/2006;1;28,2;182,9;28;10;1;1;1;;;0;0;19,3;0;21,3;0;0;0;21,3;0;17,8;0;22,3;19;0;0;0;0;0;0;0;21,6;0;0;0;0;3,6;28,2;0;8,5;0;1;1;1;1;1;1;1;1;1;1;1;1;1;1;1;1;1;1;1;1;1;1;1;1;1;1;1;1;1;1;1
2448035;1;01/12/2005;1;21,4;95,2;19;9;1;1;1;;;0;0;8,5;0;0;0;0;9,3;0;7,6;0;0;0;0;0;18,7;0;0,4;21,4;0;0;0;0;0;3,2;0;17,6;0;8,5;0;0;1;1;1;1;1;1;1;1;1;1;1;1;1;1;1;1;1;1;1;1;1;1;1;1;1;1;1;1;1;1;1
2448035;1;01/11/2005;1;11,7;25,6;25;4;1;1;1;;;0;0;0;0;0;0;8,6;0;3,2;0;0;0;0;0;0;0;0;0;0;0;0;0;0;2,1;11,7;0;0;0;0;0;;1;1;1;1;1;1;1;1;1;1;1;1;1;1;1;1;1;1;1;1;1;1;1;1;1;1;1;1;1;1;0
2448035;1;01/10/2005;1;34,5;180,2;27;13;1;1;1;;;0;2,4;2,7;8,6;0;25,2;0;0;0;0;0;0;0;30,2;0,5;0;0;0;0;0;0;13,6;0;26,5;8,3;0;34,5;2,3;18,6;0;6,8;1;1;1;1;1;1;1;1;1;1;1;1;1;1;1;1;1;1;1;1;1;1;1;1;1;1;1;1;1;1;1
2448035;1;01/09/2005;1;55,1;235,8;15;13;1;1;1;;;0;0;0;0;28,6;0;2;3,7;0;0;0;11,6;0;0;55,1;2,6;21,5;39,3;35,7;0;0;0;25,8;0;0;2,1;4,6;3,2;0;0;;1;1;1;1;1;1;1;1;1;1;1;1;1;1;1;1;1;1;1;1;1;1;1;1;1;1;1;1;1;1;0
2448035;1;01/08/2005;1;26,2;55,5;30;6;1;1;1;;;0;0;0;0;0;0;0;0;0;8,5;0;0;3,4;0;0;0;0;0;0;0;0;5,6;0;0;0;9,2;0;2,6;0;26,2;0;1;1;1;1;1;1;1;1;1;1;1;1;1;1;1;1;1;1;1;1;1;1;1;1;1;1;1;1;1;1;1
2448035;1;01/07/2005;1;35,3;88,4;24;9;1;1;1;;;0;0;0;0;0;2,5;0;0;9;3,9;0;0;0;0;0;0;0;17,5;0,7;0;12,3;5,9;0;35,3;0;0;0;1,3;0;0;0;1;1;1;1;1;1;1;1;1;1;1;1;1;1;1;1;1;1;1;1;1;1;1;1;1;1;1;1;1;1;1
2448035;1;01/06/2005;1;21;76,8;14;6;1;1;1;;;0;0;0;0;0;0;11,3;0;0;9,8;0;0;0;21;0;0;0;12,3;0;0;0;0;0;0;0;0;0;0;19,5;2,9;;1;1;1;1;1;1;1;1;1;1;1;1;1;1;1;1;1;1;1;1;1;1;1;1;1;1;1;1;1;1;0
2448035;1;01/05/2005;1;28,3;111,2;22;8;1;1;1;;;0;0;0;0;0;0;0;0;0;0;0;0;0;0;0;0;0;0;0;0,7;0;28,3;0;7,9;1,5;26,9;0,2;19,1;0;0;26,6;1;1;1;1;1;1;1;1;1;1;1;1;1;1;1;1;1;1;1;1;1;1;1;1;1;1;1;1;1;1;1
2448035;1;01/04/2005;1;31,9;56,2;5;6;1;1;1;;;0;0;0;0;31,9;0;0;0;0;0;0,8;0;7,2;0;0;8,7;0;0;0;2,2;0;0;0;0;0;0;0;0;0;5,4;;1;1;1;1;1;1;1;1;1;1;1;1;1;1;1;1;1;1;1;1;1;1;1;1;1;1;1;1;1;1;0
2448035;1;01/03/2005;1;20,7;72,8;16;6;1;1;1;;;9,3;0;0;0;0;0;0;0;0;0;0;0;0;17,5;0;20,7;0;0;0;0;0;0;20,4;2,8;2,1;0;0;0;0;0;0;1;1;1;1;1;1;1;1;1;1;1;1;1;1;1;1;1;1;1;1;1;1;1;1;1;1;1;1;1;1;1
2448035;1;01/02/2005;1;25,3;59,1;20;5;1;1;1;;;0;0;0;0;0;0;0;0;0;0;0;15,1;0;6;0;5,2;0;0;0;25,3;0;7,5;0;0;0;0;0;0;;;;1;1;1;1;1;1;1;1;1;1;1;1;1;1;1;1;1;1;1;1;1;1;1;1;1;1;1;1;0;;
2448035;1;01/01/2005;1;54,7;422,8;5;22;1;1;1;;;35,8;29,7;13,1;38,3;54,7;0;0;11,2;8,7;0;0;9,2;26,4;0,9;26,5;8,5;0;30,8;6,2;8,5;0;0;0;28,2;28,1;19,7;2,8;25,7;0;7,5;2,3;1;1;1;1;1;1;1;1;1;1;1;1;1;1;1;1;1;1;1;1;1;1;1;1;1;1;1;1;1;1;1
2448035;1;01/12/2004;1;47,3;218,6;6;14;1;1;1;;;2,5;0;0;0;20,1;47,3;0;15,2;0;0;0;22,8;0;0;0;0;35,2;0;0;8,2;0,5;6,8;20,8;2,3;21;7,3;0;0;8,6;0;0;1;1;1;1;1;1;1;1;1;1;1;1;1;1;1;1;1;1;1;1;1;1;1;1;1;1;1;1;1;1;1
2448035;1;01/11/2004;1;31,6;128,8;16;8;1;1;1;;;0;0;8,4;0;0;0;30,2;0;0;0;17,1;0;0;0;0;31,6;0;0;0;0;0;0;0;0;8,4;16,8;0;2,5;13,8;0;;1;1;1;1;1;1;1;1;1;1;1;1;1;1;1;1;1;1;1;1;1;1;1;1;1;1;1;1;1;1;0
2448035;1;01/10/2004;1;30,2;119,2;26;6;1;1;1;;;0;0;0;0;0;0;0;0;0;25,6;1,3;0;0;21,8;0;0;22,4;0;17,9;0;0;0;0;0;0;30,2;0;0;0;0;0;1;1;1;1;1;1;1;1;1;1;1;1;1;1;1;1;1;1;1;1;1;1;1;1;1;1;1;1;1;1;1
2448035;1;01/09/2004;1;25,2;39,9;14;2;1;1;1;;;0;0;0;0;0;0;0;0;0;0;0;0;0;25,2;14,7;0;0;0;0;0;0;0;0;0;0;0;0;0;0;0;;1;1;1;1;1;1;1;1;1;1;1;1;1;1;1;1;1;1;1;1;1;1;1;1;1;1;1;1;1;1;0
2448035;1;01/08/2004;1;0,2;0,2;28;1;1;1;1;;;0;0;0;0;0;0;0;0;0;0;0;0;0;0;0;0;0;0;0;0;0;0;0;0;0;0;0;0,2;0;0;0;1;1;1;1;1;1;1;1;1;1;1;1;1;1;1;1;1;1;1;1;1;1;1;1;1;1;1;1;1;1;1
2448035;1;01/07/2004;1;21,3;114,2;9;13;1;1;1;;;0;0;0;0;0;2,5;0;10,1;21,3;0,7;12,2;8,1;2,1;0,9;9,5;21,2;19,8;1,5;0;0;0;0;0;4,3;0;0;0;0;0;0;0;1;1;1;1;1;1;1;1;1;1;1;1;1;1;1;1;1;1;1;1;1;1;1;1;1;1;1;1;1;1;1
2448035;1;01/06/2004;1;22,5;97,4;23;10;1;1;1;;;0;0;22,3;0;12,8;0;7,9;0,5;1,2;0;20,1;0;0;0;0;3,5;0;0;0;2,2;0;0;22,5;0;4,4;0;0;0;0;0;;1;1;1;1;1;1;1;1;1;1;1;1;1;1;1;1;1;1;1;1;1;1;1;1;1;1;1;1;1;1;0
2448035;1;01/05/2004;1;32,3;140,4;29;10;1;1;1;;;0;0;29,6;0;8,3;0;6,1;0;0;5,1;0;0;0;9,2;0;0;12,8;0;5,2;0;8,3;0;0;23,5;0;0;0;0;32,3;0;0;1;1;1;1;1;1;1;1;1;1;1;1;1;1;1;1;1;1;1;1;1;1;1;1;1;1;1;1;1;1;1
2448035;1;01/04/2004;1;15,4;49;26;7;1;1;1;;;0;0;0;0;0;0;8,5;0;3,2;0;5,1;6,2;1,2;0;9,4;0;0;0;0;0;0;0;0;0;0;15,4;0;0;0;0;;1;1;1;1;1;1;1;1;1;1;1;1;1;1;1;1;1;1;1;1;1;1;1;1;1;1;1;1;1;1;0
2448035;1;01/03/2004;1;37,3;242;15;14;1;1;1;;;0;0;0;0;12,5;0;0;23,7;0;35,3;13,7;6,1;6;24,2;37,3;30,2;0;12,3;0;0;18,4;0;0;0;10,7;5,2;0;6,4;0;0;0;1;1;1;1;1;1;1;1;1;1;1;1;1;1;1;1;1;1;1;1;1;1;1;1;1;1;1;1;1;1;1
2448035;1;01/02/2004;1;31,2;192,7;20;11;1;1;1;;;0;0;0;0;28,3;8,1;0;0;0;18,9;21,8;0;0;0;0;13,5;0;0;0;31,2;0;0;16,9;0;26,2;0;6,7;17,5;3,6;;;1;1;1;1;1;1;1;1;1;1;1;1;1;1;1;1;1;1;1;1;1;1;1;1;1;1;1;1;1;0;
2448035;1;01/01/2004;1;40,5;242,9;26;13;1;1;1;;;8,5;1,2;0;0;0;28,6;6,2;0;0;24,3;0;0;0;0;0;0;0;0;0;0;17,5;0;38;39,3;8,6;40,5;3,7;21,2;5,3;0;0;1;1;1;1;1;1;1;1;1;1;1;1;1;1;1;1;1;1;1;1;1;1;1;1;1;1;1;1;1;1;1
2448035;1;01/12/2003;1;28,2;203,4;30;15;1;1;1;;;0;0;0;0;0;0;12,8;0;0;11,6;0;0;25,2;0;13,1;20,8;0;0;14,2;23,1;2,3;0;19,5;11,7;8;0;7,8;3,7;1,4;28,2;0;1;1;1;1;1;1;1;1;1;1;1;1;1;1;1;1;1;1;1;1;1;1;1;1;1;1;1;1;1;1;1
2448035;1;01/11/2003;1;32,1;144,6;28;9;1;1;1;;;0;0;7,8;0;18,2;0;0;0;0;0;0;0;21,5;0;0;0;16,1;0;0;0;0;28,6;0;13,8;0;1,2;0;32,1;0;5,3;;1;1;1;1;1;1;1;1;1;1;1;1;1;1;1;1;1;1;1;1;1;1;1;1;1;1;1;1;1;1;0
2448035;1;01/10/2003;1;11,8;39,7;12;4;1;1;1;;;0;0;0;0;0;0;0;0;10,2;0;0;11,8;0;0;0;0;0;0;0;6,1;11,6;0;0;0;0;0;0;0;0;0;0;1;1;1;1;1;1;1;1;1;1;1;1;1;1;1;1;1;1;1;1;1;1;1;1;1;1;1;1;1;1;1
2448035;1;01/09/2003;1;20,2;53,2;10;4;1;1;1;;;0;0;0;0;0;0;0;0;0;20,2;0;0;0;8,3;0;11,8;0;0;0;0;0;0;0;0;0;0;12,9;0;0;0;;1;1;1;1;1;1;1;1;1;1;1;1;1;1;1;1;1;1;1;1;1;1;1;1;1;1;1;1;1;1;0
2448035;1;01/08/2003;1;15,2;35,9;18;3;1;1;1;;;0;0;0;0;0;10,5;0;0;0;0;0;0;0;0;0;0;0;15,2;10,2;0;0;0;0;0;0;0;0;0;0;0;0;1;1;1;1;1;1;1;1;1;1;1;1;1;1;1;1;1;1;1;1;1;1;1;1;1;1;1;1;1;1;1
2448035;1;01/07/2003;1;35,7;157;12;9;1;1;1;;;0;0;28,5;0;13,2;25,1;2,4;0;6,7;0;0;35,7;0;16,3;20,8;8,3;0;0;0;0;0;0;0;0;0;0;0;0;0;0;0;1;1;1;1;1;1;1;1;1;1;1;1;1;1;1;1;1;1;1;1;1;1;1;1;1;1;1;1;1;1;1
2448035;1;01/06/2003;1;19,3;19,3;7;1;1;1;1;;;0;0;0;0;0;0;19,3;0;0;0;0;0;0;0;0;0;0;0;0;0;0;0;0;0;0;0;0;0;0;0;;1;1;1;1;1;1;1;1;1;1;1;1;1;1;1;1;1;1;1;1;1;1;1;1;1;1;1;1;1;1;0
2448035;1;01/05/2003;1;31,2;73,4;4;3;1;1;1;;;0;0;0;31,2;0;0;0;0;0;26,1;0;0;0;0;0;0;0;0;0;0;0;0;16,1;0;0;0;0;0;0;0;0;1;1;1;1;1;1;1;1;1;1;1;1;1;1;1;1;1;1;1;1;1;1;1;1;1;1;1;1;1;1;1
2448035;1;01/04/2003;1;26,3;89,4;26;6;1;1;1;;;0;0;0;0;0;0;0;0;16,2;0;0;0;0;0;8,9;0;18,7;0;0;0;0;5,8;0;0;0;26,3;0;0;13,5;0;;1;1;1;1;1;1;1;1;1;1;1;1;1;1;1;1;1;1;1;1;1;1;1;1;1;1;1;1;1;1;0
2448035;1;01/03/2003;1;26,2;97,9;3;8;1;1;1;;;0;0;26,2;0;0;0;0;5,3;13;0;0;0;15,8;0;0;0;8,6;0;0;0;0;2,3;0;0;0;21,1;0;5,6;0;0;0;1;1;1;1;1;1;1;1;1;1;1;1;1;1;1;1;1;1;1;1;1;1;1;1;1;1;1;1;1;1;1
2448035;1;01/02/2003;1;39,1;225,5;10;10;1;1;1;;;0;23,6;0;0;32,5;5,5;0;0;0;39,1;0;0;30,3;0;0;23,6;27,3;0;0;11,8;0;0;10,2;0;0;0;21,6;0;;;;1;1;1;1;1;1;1;1;1;1;1;1;1;1;1;1;1;1;1;1;1;1;1;1;1;1;1;1;0;;
2448035;1;01/01/2003;1;41,8;332,1;19;19;1;1;1;;;0;26,8;0;7,4;17,6;0;11,2;0;32,9;0;5,3;0;0;9,2;0;0;38,2;6,5;41,8;0,8;0;3,9;0;37;2,9;8,7;29,4;19,1;24,5;0;8,9;1;1;1;1;1;1;1;1;1;1;1;1;1;1;1;1;1;1;1;1;1;1;1;1;1;1;1;1;1;1;1
2448035;1;01/12/2002;1;31,2;169,9;11;10;1;1;1;;;8,5;0;25,3;0;0;0;0;8,6;0;0;31,2;0;0;0;0;0;20,3;0;0;17,8;0;0;15,9;0;6,7;0;19,4;16,2;0;0;0;1;1;1;1;1;1;1;1;1;1;1;1;1;1;1;1;1;1;1;1;1;1;1;1;1;1;1;1;1;1;1
2448035;1;01/11/2002;1;38,1;153,9;12;9;1;1;1;;;0;0;0;0;0;0;0;8,2;0;12,7;0;38,1;27,1;0;4;0;0;26,8;0;2,8;0;0;0;0;24;0;0;0;10,2;0;;1;1;1;1;1;1;1;1;1;1;1;1;1;1;1;1;1;1;1;1;1;1;1;1;1;1;1;1;1;1;0
2448035;1;01/10/2002;1;38,2;165;31;10;1;1;1;;;0;0;10,2;0;0;0;0;0;0;0;0;21,8;35,1;0;0;0;0;8,3;0;0;0;6,1;0;0;7,2;0;25,8;0;2,7;9,6;38,2;1;1;1;1;1;1;1;1;1;1;1;1;1;1;1;1;1;1;1;1;1;1;1;1;1;1;1;1;1;1;1
2448035;1;01/09/2002;1;28,1;142,4;14;9;1;1;1;;;22,5;0;0;0;0;0;0;0;9,5;0;23,7;8,2;5,6;28,1;0;0;0;25,2;8;11,6;0;0;0;0;0;0;0;0;0;0;;1;1;1;1;1;1;1;1;1;1;1;1;1;1;1;1;1;1;1;1;1;1;1;1;1;1;1;1;1;1;0
2448035;1;01/08/2002;1;26,5;69,3;7;4;1;1;1;;;0;12;10,3;0;0;0;26,5;0;0;0;0;0;0;0;0;0;0;0;0;0;0;0;20,5;0;0;0;0;0;0;0;0;1;1;1;1;1;1;1;1;1;1;1;1;1;1;1;1;1;1;1;1;1;1;1;1;1;1;1;1;1;1;1
2448035;1;01/07/2002;1;36,3;78,6;17;5;1;1;1;;;0;0;0;0;0;3,6;0;0;0;0;0;0;0;0;0;0;36,3;0;0;0;0,9;0;0;0;5,1;0;0;0;0;32,7;0;1;1;1;1;1;1;1;1;1;1;1;1;1;1;1;1;1;1;1;1;1;1;1;1;1;1;1;1;1;1;1
2448035;1;01/06/2002;1;20,2;42,7;17;3;1;1;1;;;0;0;0;0;0;0;0;6,3;0;0;0;0;16,2;0;0;0;20,2;0;0;0;0;0;0;0;0;0;0;0;0;0;;1;1;1;1;1;1;1;1;1;1;1;1;1;1;1;1;1;1;1;1;1;1;1;1;1;1;1;1;1;1;0
2448035;1;01/05/2002;1;32,5;72,7;17;6;1;1;1;;;0;0;0;0;0;3,8;0;0;0;6,4;0;0;0;0;0;21,6;32,5;0;6,1;0;0;0;0;2,3;0;0;0;0;0;0;0;1;1;1;1;1;1;1;1;1;1;1;1;1;1;1;1;1;1;1;1;1;1;1;1;1;1;1;1;1;1;1
2448035;1;01/04/2002;1;22,2;65,7;2;4;1;1;1;;;0;22,2;0;0;11,6;0;0;0;0;0;0;0;0;0;0;0;0;0;0;0;0;0;0;0;0;10,2;0;0;21,7;0;;1;1;1;1;1;1;1;1;1;1;1;1;1;1;1;1;1;1;1;1;1;1;1;1;1;1;1;1;1;1;0
2448035;1;01/03/2002;1;32,8;161,1;26;9;1;1;1;;;10,5;0;21,2;0;0;0;0;0;18,6;0;28,2;0;0;0;0;0;0;8,7;0;0;0;25,1;0;0;0;32,8;0;10,8;0;5,2;0;1;1;1;1;1;1;1;1;1;1;1;1;1;1;1;1;1;1;1;1;1;1;1;1;1;1;1;1;1;1;1
2448035;1;01/02/2002;1;36,8;139,2;27;7;1;1;1;;;0;0;0;9,3;0;0;17,5;0;12,2;0;0;26,3;0;0;0;0;0;0;0;8,7;0;28,4;0;0;0;0;36,8;0;;;;1;1;1;1;1;1;1;1;1;1;1;1;1;1;1;1;1;1;1;1;1;1;1;1;1;1;1;1;0;;
2448035;1;01/01/2002;1;36,5;243,3;14;12;1;1;1;;;23,5;0;9,8;0;0;18,6;27,4;25,2;0;0;0;28,3;11,3;36,5;30,2;0;0;0;0;0;0;0;6,8;18,5;0;0;0;7,2;0;0;0;1;1;1;1;1;1;1;1;1;1;1;1;1;1;1;1;1;1;1;1;1;1;1;1;1;1;1;1;1;1;1
2448035;1;01/12/2001;1;32,1;111,4;21;6;1;1;1;;;0;0;0;0;9;0;0;0;0;0;0;12,8;0;0;28,5;0;0;0;8,3;0;32,1;0;0;0;0;0;0;20,7;0;0;0;1;1;1;1;1;1;1;1;1;1;1;1;1;1;1;1;1;1;1;1;1;1;1;1;1;1;1;1;1;1;1
2448035;1;01/11/2001;1;53;106,1;13;4;1;1;1;;;0;0;0;0;0;0;0;0;0;0;0;0;53;0;5,3;0;0;0;16,8;0;0;0;0;0;0;0;31;0;0;0;;1;1;1;1;1;1;1;1;1;1;1;1;1;1;1;1;1;1;1;1;1;1;1;1;1;1;1;1;1;1;0
2448035;1;01/10/2001;1;25,3;76,2;20;5;1;1;1;;;10,2;8,6;15,9;0;0;0;0;0;0;0;0;0;0;0;0;0;0;16,2;0;25,3;0;0;0;0;0;0;0;0;0;0;0;1;1;1;1;1;1;1;1;1;1;1;1;1;1;1;1;1;1;1;1;1;1;1;1;1;1;1;1;1;1;1
2448035;1;01/09/2001;1;35,7;153,1;30;9;1;1;1;;;0;0;0;0;0;0;0;0;0;23,8;0;0;0;30,2;0;5,3;0;3,1;0;2;0;22,5;0;0;0;0;0;2,3;28,2;35,7;;1;1;1;1;1;1;1;1;1;1;1;1;1;1;1;1;1;1;1;1;1;1;1;1;1;1;1;1;1;1;0
2448035;1;01/08/2001;1;21,6;42,8;22;3;1;1;1;;;0;0;0;0;0;0;0;0;0;0;0;0;0;0;0;0;0;0;0;0;0;21,6;0;0;10,8;0;0;10,4;0;0;0;1;1;1;1;1;1;1;1;1;1;1;1;1;1;1;1;1;1;1;1;1;1;1;1;1;1;1;1;1;1;1
2448035;1;01/07/2001;1;35,1;137,9;18;8;1;1;1;;;0;0;0;0;0;0;0;0;0;0;0;0;0;0;0;0;0;35,1;8,5;20,6;0;17,8;0,4;0;7,3;0;15,9;0;32,3;0;0;1;1;1;1;1;1;1;1;1;1;1;1;1;1;1;1;1;1;1;1;1;1;1;1;1;1;1;1;1;1;1
2448035;1;01/06/2001;1;33,2;141,8;8;8;1;1;1;;;0;0;0;0;0;0;0;33,2;0;0;0;0;8,6;0;1,2;0;21,2;30,2;0;23,3;0;0;0;0;0;0;19,1;0;0;5;;1;1;1;1;1;1;1;1;1;1;1;1;1;1;1;1;1;1;1;1;1;1;1;1;1;1;1;1;1;1;0
2448035;1;01/05/2001;1;43,5;179,9;16;11;1;1;1;;;0;0;0;0;10,2;23,5;0;0;22,5;0;8,1;0;36,1;2,9;10,8;43,5;3,5;0;0;0;0;0;0;0;0;2,5;0;16,3;0;0;0;1;1;1;1;1;1;1;1;1;1;1;1;1;1;1;1;1;1;1;1;1;1;1;1;1;1;1;1;1;1;1
2448035;1;01/04/2001;1;32,5;87,1;25;5;1;1;1;;;0;0;0;28,8;0;0;0;0;0;0;0;0;0;21,8;0;0;2,7;0;0;0;0;0;0;0;32,5;0;1,3;0;0;0;;1;1;1;1;1;1;1;1;1;1;1;1;1;1;1;1;1;1;1;1;1;1;1;1;1;1;1;1;1;1;0
2448035;1;01/03/2001;1;32,7;139,6;13;10;1;1;1;;;28,6;0;20,3;0;0;0;0;7,5;0,4;6,3;0;11,2;32,7;0;21,4;0;2,5;0;0;0;0;0;0;0;0;8,7;0;0;0;0;0;1;1;1;1;1;1;1;1;1;1;1;1;1;1;1;1;1;1;1;1;1;1;1;1;1;1;1;1;1;1;1
2448035;1;01/02/2001;1;36,8;193,2;15;12;1;1;1;;;7,4;3;18,4;0;8,5;0;23,8;3,1;31,9;2,6;0;0;6,2;0;36,8;23,5;28;0;0;0;0;0;0;0;0;0;0;0;;;;1;1;1;1;1;1;1;1;1;1;1;1;1;1;1;1;1;1;1;1;1;1;1;1;1;1;1;1;0;;
2448035;1;01/01/2001;1;59,5;269,8;11;10;1;1;1;;;0;0;0;0;0;0;0;21,2;0;0;59,5;0;0;0;21,2;0;31,1;0;0;6,8;0;0;0;0;0;29,2;0;7,5;11;26,3;56;1;1;1;1;1;1;1;1;1;1;1;1;1;1;1;1;1;1;1;1;1;1;1;1;1;1;1;1;1;1;1
2448035;1;01/12/2000;1;45,2;110,5;15;5;1;1;1;;;0;0;0;0;0;22,3;0;0;0;0;0;0;0;0;45,2;0;0;0;0;0;0;0;0;0;30,3;0;9,5;0;0;0;3,2;1;1;1;1;1;1;1;1;1;1;1;1;1;1;1;1;1;1;1;1;1;1;1;1;1;1;1;1;1;1;1
2448035;1;01/11/2000;1;92;201,3;30;5;1;1;1;;;0;0;18,7;0;0;0;0;0;0;0;0;0;0;0;16,8;0;0;26,6;0;0;0;0;0;47,2;0;0;0;0;0;92;;1;1;1;1;1;1;1;1;1;1;1;1;1;1;1;1;1;1;1;1;1;1;1;1;1;1;1;1;1;1;0
2448035;1;01/10/2000;1;36,5;104,6;5;4;1;1;1;;;0;0;0;0;36,5;0;0;0;0;0;15,1;0;0;0;0;0;0;0;0;0;0;0;0;35,3;0;0;17,7;0;0;0;0;1;1;1;1;1;1;1;1;1;1;1;1;1;1;1;1;1;1;1;1;1;1;1;1;1;1;1;1;1;1;1
2448035;1;01/09/2000;1;27,9;173,6;14;11;1;1;1;;;20,5;16,1;6,3;0;0;0;0;0;0;0;6,9;0;10,8;27,9;10,7;20,4;0;0;21,7;0;8,5;0;0;0;0;23,8;0;0;0;0;;1;1;1;1;1;1;1;1;1;1;1;1;1;1;1;1;1;1;1;1;1;1;1;1;1;1;1;1;1;1;0
2448035;1;01/08/2000;1;23,8;78,5;28;7;1;1;1;;;0;0;15,8;0;0;0;0;0;0;12,5;0;0;0;0;0;0;0;15,6;0;0;0;0;0;0;0;0;5,3;23,8;5,3;0,2;0;1;1;1;1;1;1;1;1;1;1;1;1;1;1;1;1;1;1;1;1;1;1;1;1;1;1;1;1;1;1;1
2448035;1;01/07/2000;1;15,8;55,1;11;7;1;1;1;;;8,6;0,5;0;0;0;0;0;0;0;0;15,8;0;0;0;0;0,5;0;0;0;0;0;12,8;0;10,7;0;0;0;0;6,2;0;0;1;1;1;1;1;1;1;1;1;1;1;1;1;1;1;1;1;1;1;1;1;1;1;1;1;1;1;1;1;1;1
2448035;1;01/06/2000;1;34,5;74,3;28;4;1;1;1;;;0;0;0;0;0;0;0;0;0;0;0;0;0;0;0;0;0;27,7;3,8;8,3;0;0;0;0;0;0;0;34,5;0;0;;1;1;1;1;1;1;1;1;1;1;1;1;1;1;1;1;1;1;1;1;1;1;1;1;1;1;1;1;1;1;0
2448035;1;01/05/2000;1;5,3;5,3;17;1;1;1;1;;;0;0;0;0;0;0;0;0;0;0;0;0;0;0;0;0;5,3;0;0;0;0;0;0;0;0;0;0;0;0;0;0;1;1;1;1;1;1;1;1;1;1;1;1;1;1;1;1;1;1;1;1;1;1;1;1;1;1;1;1;1;1;1
2448035;1;01/04/2000;1;3,6;3,6;4;1;1;1;1;;;0;0;0;3,6;0;0;0;0;0;0;0;0;0;0;0;0;0;0;0;0;0;0;0;0;0;0;0;0;0;0;;1;1;1;1;1;1;1;1;1;1;1;1;1;1;1;1;1;1;1;1;1;1;1;1;1;1;1;1;1;1;0
2448035;1;01/03/2000;1;37;112,2;11;5;1;1;1;;;30,5;12,4;0;17,7;0;0;0;0;0;0;37;0;0;0;0;0;0;0;0;0;0;0;0;0;0;0;0;14,6;0;0;0;1;1;1;1;1;1;1;1;1;1;1;1;1;1;1;1;1;1;1;1;1;1;1;1;1;1;1;1;1;1;1
2448035;1;01/02/2000;1;100,6;351,1;1;13;1;1;1;;;100,6;0;0;6,8;0;0;0;0;0;0;4,8;7,7;22,9;29,8;62,7;11,8;0;36,8;0;21,8;0;0;7,5;9,8;0;0;0;28,1;0;;;1;1;1;1;1;1;1;1;1;1;1;1;1;1;1;1;1;1;1;1;1;1;1;1;1;1;1;1;1;0;
2448035;1;01/01/2000;1;41,8;194,4;12;9;1;1;1;;;0;20,7;0;0;0;13,1;0;0;28,2;0;0;41,8;0,4;0;0;0;25,6;0;10,8;0;21,7;0;0;0;0;0;0;0;32,1;0;0;1;1;1;1;1;1;1;1;1;1;1;1;1;1;1;1;1;1;1;1;1;1;1;1;1;1;1;1;1;1;1
2448035;1;01/12/1999;1;39,9;138,5;15;8;1;1;1;;;0;8,7;2,3;28,2;0;0;0;0;0;0;0;0;0;0;39,9;0;0;0;0;10,5;0;0;19,8;0;0,8;0;0;0;28,3;0;0;1;1;1;1;1;1;1;1;1;1;1;1;1;1;1;1;1;1;1;1;1;1;1;1;1;1;1;1;1;1;1
2448035;1;01/11/1999;1;25,7;34,3;5;2;1;1;1;;;0;0;0;0;25,7;0;0;0;0;0;0;0;8,6;0;0;0;0;0;0;0;0;0;0;0;0;0;0;0;0;0;;1;1;1;1;1;1;1;1;1;1;1;1;1;1;1;1;1;1;1;1;1;1;1;1;1;1;1;1;1;1;0
2448035;1;01/10/1999;1;19,7;55,9;8;4;1;1;1;;;0;0;0;0;0;0;0;19,7;0;0;0;0;0;0;0;0;0;11,8;17,1;0;0;0;0;0;0;0;0;7,3;0;0;0;1;1;1;1;1;1;1;1;1;1;1;1;1;1;1;1;1;1;1;1;1;1;1;1;1;1;1;1;1;1;1
2448035;1;01/09/1999;1;39,2;97,5;9;4;1;1;1;;;0;0;0;0;0;0;0;0;39,2;27,6;0;19,2;0;0;0;11,5;0;0;0;0;0;0;0;0;0;0;0;0;0;0;;1;1;1;1;1;1;1;1;1;1;1;1;1;1;1;1;1;1;1;1;1;1;1;1;1;1;1;1;1;1;0
2448035;1;01/08/1999;1;3,4;3,4;17;1;1;1;1;;;0;0;0;0;0;0;0;0;0;0;0;0;0;0;0;0;3,4;0;0;0;0;0;0;0;0;0;0;0;0;0;0;1;1;1;1;1;1;1;1;1;1;1;1;1;1;1;1;1;1;1;1;1;1;1;1;1;1;1;1;1;1;1
2448035;1;01/07/1999;1;32,9;114,9;6;8;1;1;1;;;2,6;0;28,3;4,5;0,9;32,9;25,1;20,2;0;0;0;0;0;0;0;0;0,4;0;0;0;0;0;0;0;0;0;0;0;0;0;0;1;1;1;1;1;1;1;1;1;1;1;1;1;1;1;1;1;1;1;1;1;1;1;1;1;1;1;1;1;1;1
2448035;1;01/06/1999;1;14,1;56;15;8;1;1;1;;;0;0;0;0;0;0;0;0;0;7,7;0;0;0;8,2;14,1;0;0;0;6,1;0;0;8,7;0;0;0;0;0;2,1;0,9;8,2;;1;1;1;1;1;1;1;1;1;1;1;1;1;1;1;1;1;1;1;1;1;1;1;1;1;1;1;1;1;1;0
2448035;1;01/05/1999;1;26,5;30,7;6;3;1;1;1;;;0;1,5;0;0;0;26,5;0;0;0;0;0;0;0;0;0;0;0;0;0;0;0;0;0;0;0;2,7;0;0;0;0;0;1;1;1;1;1;1;1;1;1;1;1;1;1;1;1;1;1;1;1;1;1;1;1;1;1;1;1;1;1;1;1
2448035;1;01/04/1999;1;36,6;115,3;15;8;1;1;1;;;31,5;11,4;0;0;18,9;0;0;9,2;0;0;0;0;0;3,1;36,6;0;0;0;0;1,9;0;0;0;0;0;0;2,7;0;0;0;;1;1;1;1;1;1;1;1;1;1;1;1;1;1;1;1;1;1;1;1;1;1;1;1;1;1;1;1;1;1;0
2448035;1;01/03/1999;1;22,3;81,3;29;10;1;1;1;;;0;0;0;0,2;1,8;0;0;0;0;21,5;0,5;1,7;0;0;0;0;0;2,3;0;0;0;0;0;0;0;19,7;0;8,2;22,3;0;3,1;1;1;1;1;1;1;1;1;1;1;1;1;1;1;1;1;1;1;1;1;1;1;1;1;1;1;1;1;1;1;1
2448035;1;01/02/1999;1;38,5;222,4;4;18;1;1;1;;;23,7;3;6,3;38,5;0;12,7;0,9;11;5;4,8;9;0;0;11,2;19,7;0;15,2;12,3;0;0;0;23,5;15,3;0;0;7,6;2,7;0;;;;1;1;1;1;1;1;1;1;1;1;1;1;1;1;1;1;1;1;1;1;1;1;1;1;1;1;1;1;0;;
2448035;1;01/01/1999;1;52,1;292,8;5;18;1;1;1;;;0;0;0;0;52,1;0;0;29,8;34,2;0,9;8,5;22,3;0;2,1;0;12,3;8,5;0;10,2;0;0;22,9;0;16,8;31,4;0;26,1;2,2;8,6;3,7;0,2;1;1;1;1;1;1;1;1;1;1;1;1;1;1;1;1;1;1;1;1;1;1;1;1;1;1;1;1;1;1;1
2448035;1;01/12/1998;1;23,7;104,9;9;7;1;1;1;;;0;0;0;0;0;17,5;0;0;23,7;0;20,5;1,5;0;2,3;0;0;19,9;0;0;0;0;0;0;0;0;0;19,5;0;0;0;0;1;1;1;1;1;1;1;1;1;1;1;1;1;1;1;1;1;1;1;1;1;1;1;1;1;1;1;1;1;1;1
2448035;1;01/11/1998;1;3,1;4,3;29;2;1;1;1;;;0;0;0;0;0;0;0;0;0;0;0;1,2;0;0;0;0;0;0;0;0;0;0;0;0;0;0;0;0;3,1;0;;1;1;1;1;1;1;1;1;1;1;1;1;1;1;1;1;1;1;1;1;1;1;1;1;1;1;1;1;1;1;0
2448035;1;01/10/1998;1;48,2;205,6;29;14;1;1;1;;;0;8,2;8,1;0;35,8;21;1,8;17,3;2;0;0;8,9;0;15,1;0;0;6,2;19;0;0;0;0;0;13,8;0;0;0;0;48,2;0,2;0;1;1;1;1;1;1;1;1;1;1;1;1;1;1;1;1;1;1;1;1;1;1;1;1;1;1;1;1;1;1;1
2448035;1;01/09/1998;1;42,1;302,2;13;17;1;1;1;;;0;0;0;0;22,8;0;0;0;35,3;0,8;2,5;0;42,1;0;4,7;0,2;9,7;0;28,6;0;32;17,3;8,1;10,2;0;28,3;14,8;0;31,2;13,6;;1;1;1;1;1;1;1;1;1;1;1;1;1;1;1;1;1;1;1;1;1;1;1;1;1;1;1;1;1;1;0
2448035;1;01/08/1998;1;36,8;126,7;12;7;1;1;1;;;0;22,8;15,6;0;0;0;0;0;0;0;0;36,8;0;8,2;0;0;21,3;0;13,5;0;0;0;0;0;0;0;0;8,5;0;0;0;1;1;1;1;1;1;1;1;1;1;1;1;1;1;1;1;1;1;1;1;1;1;1;1;1;1;1;1;1;1;1
2448035;1;01/07/1998;1;26,8;57;5;6;1;1;1;;;0;0;0;0;26,8;0;8,1;3,5;0;10,6;0;0;0;0;0;5,9;0;0;0;0;0;0;0;0;0;0;0;0;2,1;0;0;1;1;1;1;1;1;1;1;1;1;1;1;1;1;1;1;1;1;1;1;1;1;1;1;1;1;1;1;1;1;1
2448035;1;01/06/1998;1;32,2;117,9;18;8;1;1;1;;;9,2;0;0;0;0;0;0;0;2,6;0;0;0;0;0;26,7;0;25,8;32,2;3,5;0;0;0;0;0;0;5,8;12,1;0;0;0;;1;1;1;1;1;1;1;1;1;1;1;1;1;1;1;1;1;1;1;1;1;1;1;1;1;1;1;1;1;1;0
2448035;1;01/05/1998;1;29,2;58,9;1;6;1;1;1;;;29,2;0;0;0;13,2;5,5;0;0;0;0;0;0;0;0;5,3;0;0;0;0;0;0;0;0;0;0;1,2;4,5;0;0;0;0;1;1;1;1;1;1;1;1;1;1;1;1;1;1;1;1;1;1;1;1;1;1;1;1;1;1;1;1;1;1;1
2448035;1;01/04/1998;1;52;185,7;1;9;1;1;1;;;52;0;2,6;0;0,8;0;0;0;18,9;0;17,3;0;23,2;0;22,5;0;0;0;0;0;0;0;26,8;0;21,6;0;0;0;0;0;;1;1;1;1;1;1;1;1;1;1;1;1;1;1;1;1;1;1;1;1;1;1;1;1;1;1;1;1;1;1;0
2448035;1;01/03/1998;1;70,4;402;23;14;1;1;1;;;12,8;0;38,8;0;66,1;0;8,5;0;0;0;0;5,7;0;0;23,5;0;44,5;8,3;10,6;0;0;0;70,4;19,7;0;0;0;0;52,5;18,6;22;1;1;1;1;1;1;1;1;1;1;1;1;1;1;1;1;1;1;1;1;1;1;1;1;1;1;1;1;1;1;1
2448035;1;01/02/1998;1;55;358,5;3;14;1;1;1;;;0;13,1;55;0;8,3;0;5,2;0;0;0;0;15,8;0;12,1;0;25,6;0;0;0;2,9;0;14,6;0;28,3;42,2;43,9;44,3;47,2;;;;1;1;1;1;1;1;1;1;1;1;1;1;1;1;1;1;1;1;1;1;1;1;1;1;1;1;1;1;0;;
2448035;1;01/01/1998;1;37,6;181,6;7;8;1;1;1;;;0;0;33,2;29,5;0,2;0;37,6;23,6;0;0;0;0;0;0;0;0;0;0;2,4;0;0;0;0;0;0;29,3;0;0;0;0;25,8;1;1;1;1;1;1;1;1;1;1;1;1;1;1;1;1;1;1;1;1;1;1;1;1;1;1;1;1;1;1;1
2448035;1;01/12/1997;1;41,5;210,8;29;13;1;1;1;;;0,2;0;13,1;8,5;3,9;0;10,7;4,8;0;12,9;0;0;0;0;18,2;0;23,7;1,2;0;0;0;0;0;0;31,8;40,3;0;0;41,5;0;0;1;1;1;1;1;1;1;1;1;1;1;1;1;1;1;1;1;1;1;1;1;1;1;1;1;1;1;1;1;1;1
2448035;1;01/11/1997;1;57,7;250;19;15;1;1;1;;;0;1,2;0;22;0;0;0;5,7;0;0;0;0;2,1;16,7;0;25,1;21,3;13,3;57,7;0;0;17,7;0;12,3;15,1;8,8;0;18,2;0;12,8;;1;1;1;1;1;1;1;1;1;1;1;1;1;1;1;1;1;1;1;1;1;1;1;1;1;1;1;1;1;1;0
2448035;1;01/10/1997;1;18,4;91,7;19;15;1;1;1;;;4,1;0;7,4;0;0;0;1,8;0;5,2;1,2;0;0;0;0;0;10,7;0;1,2;18,4;1,5;8,7;10,5;0;0;0;5,3;4;0;0;7,6;4,1;1;1;1;1;1;1;1;1;1;1;1;1;1;1;1;1;1;1;1;1;1;1;1;1;1;1;1;1;1;1;1
2448035;1;01/09/1997;1;45,2;140,7;19;7;1;1;1;;;0;0;0;0;0;0;0;0;0;0;0;0;0;1,6;41,1;0;0;0;45,2;0;0;0;0;0;6,8;0;9,8;0;34,9;1,3;;1;1;1;1;1;1;1;1;1;1;1;1;1;1;1;1;1;1;1;1;1;1;1;1;1;1;1;1;1;1;0
2448035;1;01/08/1997;1;31,2;105,9;22;6;1;1;1;;;0;0;0;9,6;0;7,6;0;0;0;0;0;0;0;0;0;0;0;0;0;0;22,2;31,2;14,9;20,4;0;0;0;0;0;0;0;1;1;1;1;1;1;1;1;1;1;1;1;1;1;1;1;1;1;1;1;1;1;1;1;1;1;1;1;1;1;1
2448035;1;01/07/1997;1;24,3;33,3;23;4;1;1;1;;;0;0;0;2,6;0;0;0;0;0;0;0;0;0;0;0;0;0;5,7;0;0;0;0,7;24,3;0;0;0;0;0;0;0;0;1;1;1;1;1;1;1;1;1;1;1;1;1;1;1;1;1;1;1;1;1;1;1;1;1;1;1;1;1;1;1
2448035;1;01/06/1997;1;19,6;101,6;30;8;1;1;1;;;0;0;0;0;17,8;0;0;0;0;0;1,2;0;0;0;0;16,8;0;11,2;0;0;0;0;0;0;0;0;11,2;10,4;13,4;19,6;;1;1;1;1;1;1;1;1;1;1;1;1;1;1;1;1;1;1;1;1;1;1;1;1;1;1;1;1;1;1;0
2448035;1;01/05/1997;1;23,1;46,2;22;3;1;1;1;;;0;0;0;0;0;0;0;0;0;0;0;0;0;0;0;0;0;0;0;0;0;23,1;0;0;0;7,2;0;0;15,9;0;0;1;1;1;1;1;1;1;1;1;1;1;1;1;1;1;1;1;1;1;1;1;1;1;1;1;1;1;1;1;1;1
2448035;1;01/04/1997;1;18,7;39,8;17;4;1;1;1;;;0;0;0;9,2;0;4,8;0;0;7,1;0;0;0;0;0;0;0;18,7;0;0;0;0;0;0;0;0;0;0;0;0;0;;1;1;1;1;1;1;1;1;1;1;1;1;1;1;1;1;1;1;1;1;1;1;1;1;1;1;1;1;1;1;0
2448035;1;01/03/1997;1;21,3;67,7;11;5;1;1;1;;;0;0;0;0;0;0;6,8;0;0;0;21,3;0;0;0;0;19,3;0;0;0;12,1;0;0;0;0;0;0;0;0;8,2;0;0;1;1;1;1;1;1;1;1;1;1;1;1;1;1;1;1;1;1;1;1;1;1;1;1;1;1;1;1;1;1;1
2448035;1;01/02/1997;1;32,9;116,2;16;11;1;1;1;;;0,4;0;6,1;0;9,7;0;0;0;1,3;0;0;0;14,8;23,2;0;32,9;0;8,2;0;0;17,8;0;1;0;0,8;0;0;0;;;;1;1;1;1;1;1;1;1;1;1;1;1;1;1;1;1;1;1;1;1;1;1;1;1;1;1;1;1;0;;
2448035;1;01/01/1997;1;63;601,8;20;19;1;1;1;;;0;0;0;0;0;14,8;23,7;0;10,4;35,2;12,7;0;0;0;0;0;23,4;34,1;0;63;57,4;37,3;30,1;21,2;26,3;37,8;48,3;41,5;23;25,5;36,1;1;1;1;1;1;1;1;1;1;1;1;1;1;1;1;1;1;1;1;1;1;1;1;1;1;1;1;1;1;1;1
2448035;1;01/12/1996;1;42,8;190,1;20;14;1;1;1;;;0;0;0;6,8;0;0;0;0;0;0;1,3;0;25,1;0;2,5;0;7,2;18,2;22,7;42,8;0,8;20,1;13,6;0;6,9;11,3;0;10,8;0;0;0;1;1;1;1;1;1;1;1;1;1;1;1;1;1;1;1;1;1;1;1;1;1;1;1;1;1;1;1;1;1;1
2448035;1;01/11/1996;1;30,2;123,5;14;9;1;1;1;;;0;1,2;0;2,1;0;0;0;0;0;0;0;0;27;30,2;7,1;29,1;0;0;6,8;0;0;0;0;0;11,8;0;0;0;8,2;0;;1;1;1;1;1;1;1;1;1;1;1;1;1;1;1;1;1;1;1;1;1;1;1;1;1;1;1;1;1;1;0
2448035;1;01/10/1996;1;45;239,8;29;12;1;1;1;;;0;0;0;36,2;14,5;0,4;0;0;0;0;0;2,5;20,5;0;0;0;0;0;25,8;0;18,3;38,2;21,2;0;9,1;0;0;0;45;0;8,1;1;1;1;1;1;1;1;1;1;1;1;1;1;1;1;1;1;1;1;1;1;1;1;1;1;1;1;1;1;1;1
2448035;1;01/09/1996;1;42,9;141,6;10;7;1;1;1;;;0;0;23,1;25,6;0;0;0;15,2;8,3;42,9;0;0;0;0;0;0;8,7;0;0;0;0;0;0;0;0;0;0;0;17,8;0;;1;1;1;1;1;1;1;1;1;1;1;1;1;1;1;1;1;1;1;1;1;1;1;1;1;1;1;1;1;1;0
2448035;1;01/08/1996;1;39,5;54,8;10;2;1;1;1;;;0;0;0;0;0;0;0;0;0;39,5;0;0;0;0;15,3;0;0;0;0;0;0;0;0;0;0;0;0;0;0;0;0;1;1;1;1;1;1;1;1;1;1;1;1;1;1;1;1;1;1;1;1;1;1;1;1;1;1;1;1;1;1;1
2448035;1;01/07/1996;1;15,8;46,7;5;5;1;1;1;;;0;0;0;0;15,8;0;3,7;0;9,1;11,3;0;0;0;0;0;0;0;0;0;0;0;6,8;0;0;0;0;0;0;0;0;0;1;1;1;1;1;1;1;1;1;1;1;1;1;1;1;1;1;1;1;1;1;1;1;1;1;1;1;1;1;1;1
2448035;1;01/06/1996;1;31,2;97,7;3;5;1;1;1;;;0;0;31,2;20,6;0;0;0;0;0;0;0;0;0;0;0;0;8,9;0;0;0;0;0;0;0;0;0;29,7;0;0;7,3;;1;1;1;1;1;1;1;1;1;1;1;1;1;1;1;1;1;1;1;1;1;1;1;1;1;1;1;1;1;1;0
2448035;1;01/05/1996;1;16,4;29,1;22;3;1;1;1;;;0;0;0;0;0;0;0;0;0;4,5;0;0;0;0;0;0;0;0;0;0;0;16,4;0;0;0;8,2;0;0;0;0;0;1;1;1;1;1;1;1;1;1;1;1;1;1;1;1;1;1;1;1;1;1;1;1;1;1;1;1;1;1;1;1
2448035;1;01/04/1996;1;23,2;66,3;17;8;1;1;1;;;0,2;4,2;0;0;0;9,5;0;0;12,6;0;0;0;0;1,7;0;0;23,2;0;5,1;0;0;0;0;0;0;0;0;9,8;0;0;;1;1;1;1;1;1;1;1;1;1;1;1;1;1;1;1;1;1;1;1;1;1;1;1;1;1;1;1;1;1;0
2448035;1;01/03/1996;1;39,1;284,8;10;18;1;1;1;;;35,3;0;6,1;16,5;0;29,5;0;28,1;0;39,1;7,2;0;0;14,8;9,9;3,5;9,6;0;0,2;10,7;0;12,6;0;0;2,7;0;11,9;21,3;0;0;25,8;1;1;1;1;1;1;1;1;1;1;1;1;1;1;1;1;1;1;1;1;1;1;1;1;1;1;1;1;1;1;1
2448035;1;01/02/1996;1;41,4;355,9;26;24;1;1;1;;;8,2;18,1;10,5;6,8;0;23,6;23,3;3,7;5,2;19,1;8,4;1,5;2,1;25,5;4,1;12,8;3,7;16,5;27,5;0;9,6;0;0;17,8;6,8;41,4;32,5;0;27,2;;;1;1;1;1;1;1;1;1;1;1;1;1;1;1;1;1;1;1;1;1;1;1;1;1;1;1;1;1;1;0;
2448035;1;01/01/1996;1;56,2;656,5;27;25;1;1;1;;;0;12,8;6,1;0;47,5;10,7;15,7;13,6;18,1;21,4;23,6;0;0;11,9;49,3;16,8;49,7;24,1;9,2;32,7;25,3;25,3;33,1;49,8;17,4;0;56,2;33,3;0;22,1;30,8;1;1;1;1;1;1;1;1;1;1;1;1;1;1;1;1;1;1;1;1;1;1;1;1;1;1;1;1;1;1;1
2448035;1;01/12/1995;1;32,5;106,3;30;7;1;1;1;;;0;0;0;21,2;0;0;0;0;0;0;0;15,3;0;18,4;0;0;0;0;0;9,9;0;0;2,8;0;0;0;6,2;0;0;32,5;0;1;1;1;1;1;1;1;1;1;1;1;1;1;1;1;1;1;1;1;1;1;1;1;1;1;1;1;1;1;1;1
2448035;1;01/11/1995;1;25,3;90,9;17;9;1;1;1;;;8,6;2,4;6,5;0;0;0;0;0;0;0;0;13,5;0;1,7;0;11,8;25,3;0;0;0;0;0;0;0;0;14,8;0;0;6,3;0;;1;1;1;1;1;1;1;1;1;1;1;1;1;1;1;1;1;1;1;1;1;1;1;1;1;1;1;1;1;1;0
2448035;1;01/10/1995;1;32,8;143,2;13;10;1;1;1;;;0;4,7;0;0;6,8;0;0;23,1;0;0;15,7;0;32,8;0;0;16,7;0;8,2;16,7;0;0;0;0;0;0;0;0;7,2;0;0;11,3;1;1;1;1;1;1;1;1;1;1;1;1;1;1;1;1;1;1;1;1;1;1;1;1;1;1;1;1;1;1;1
2448035;1;01/09/1995;1;32,6;131,1;24;8;1;1;1;;;0;0;0;0;0;0;0;0;0;0;0;0;0;0;7,1;0;0;27;0;0;0;0;13,1;32,6;3,9;14,9;31,3;0;1,2;0;;1;1;1;1;1;1;1;1;1;1;1;1;1;1;1;1;1;1;1;1;1;1;1;1;1;1;1;1;1;1;0
2448035;1;01/08/1995;1;36,1;66,1;5;3;1;1;1;;;0;0;0;0;36,1;23,2;0;0;0;0;0;0;0;0;0;0;0;0;0;0;0;0;0;0;6,8;0;0;0;0;0;0;1;1;1;1;1;1;1;1;1;1;1;1;1;1;1;1;1;1;1;1;1;1;1;1;1;1;1;1;1;1;1
2448035;1;01/07/1995;1;38,7;69,1;22;5;1;1;1;;;0;0;0;0;0;0;0;0;0;6,8;3,6;0;0;0;0;0;0;0;0;0;0;38,7;0;0;0;0;11,8;0;0;0;8,2;1;1;1;1;1;1;1;1;1;1;1;1;1;1;1;1;1;1;1;1;1;1;1;1;1;1;1;1;1;1;1
2448035;1;01/06/1995;1;31,8;77;17;4;1;1;1;;;0;0;0;0;0;0;0;9,3;0;0;0;0;0;0;0;0;31,8;0;0;0;0;0;0;0;23,1;0;0;0;12,8;0;;1;1;1;1;1;1;1;1;1;1;1;1;1;1;1;1;1;1;1;1;1;1;1;1;1;1;1;1;1;1;0
2448035;1;01/05/1995;1;12,8;32,7;4;4;1;1;1;;;0;0;0;12,8;7,7;0;2,1;0;0;10,1;0;0;0;0;0;0;0;0;0;0;0;0;0;0;0;0;0;0;0;0;0;1;1;1;1;1;1;1;1;1;1;1;1;1;1;1;1;1;1;1;1;1;1;1;1;1;1;1;1;1;1;1
2448035;1;01/04/1995;1;51,6;82,4;18;3;1;1;1;;;0;0;0;0;0;0;0;0;7,6;0;0;0;0;0;0;0;0;51,6;23,2;0;0;0;0;0;0;0;0;0;0;0;;1;1;1;1;1;1;1;1;1;1;1;1;1;1;1;1;1;1;1;1;1;1;1;1;1;1;1;1;1;1;0
2448035;1;01/03/1995;1;35,6;144;4;11;1;1;1;;;19,7;0;1,2;35,6;23,3;0;0,9;0;0,8;15,7;0;0;9,1;0;8,5;0;0;0;0;0;0;0;0;7,5;0;0;0;0;0;21,7;0;1;1;1;1;1;1;1;1;1;1;1;1;1;1;1;1;1;1;1;1;1;1;1;1;1;1;1;1;1;1;1
2448035;1;01/02/1995;1;41,1;198,5;11;16;1;1;1;;;23,7;16,7;18,9;2,1;8,2;14,8;10,5;8,6;2,3;6,8;41,1;0;11,8;0;24,9;1,3;0;0;0;2,7;0;0;0;0;0;4,1;0;0;;;;1;1;1;1;1;1;1;1;1;1;1;1;1;1;1;1;1;1;1;1;1;1;1;1;1;1;1;1;0;;
2448035;1;01/01/1995;1;47,5;387,3;11;22;1;1;1;;;2,1;0;0;42,5;11,8;14,8;27,9;25,1;9,6;2,8;47,5;29,8;15,8;3,4;42;1,8;19,9;25,7;9,2;6,3;0;0;2,1;21;0;0;10,6;0;0;15,6;0;1;1;1;1;1;1;1;1;1;1;1;1;1;1;1;1;1;1;1;1;1;1;1;1;1;1;1;1;1;1;1
2448035;1;01/12/1994;1;35,7;201,9;23;11;1;1;1;;;0;0;0;0;27,7;16;31;0;0;0;0;0;0;15,8;0;26,3;6,8;0;2,3;0;0;0;35,7;23,6;0,4;0;0;0;0;16,3;0;1;1;1;1;1;1;1;1;1;1;1;1;1;1;1;1;1;1;1;1;1;1;1;1;1;1;1;1;1;1;1
2448035;1;01/11/1994;1;35,5;121,3;13;9;1;1;1;;;0;2,1;0;6,2;17,8;0;18,3;14,8;0;0;0;0;35,5;8,6;0;0;0;0;0;0;0;0;0;0;0;0;0;7,9;10,1;0;;1;1;1;1;1;1;1;1;1;1;1;1;1;1;1;1;1;1;1;1;1;1;1;1;1;1;1;1;1;1;0
2448035;1;01/10/1994;1;27,1;75,7;26;8;1;1;1;;;0;0;6,1;0;0;0;0;0;0;0;0;0;0;4,6;0;0;0;0;8,3;0;0;6,3;0;0;8,4;27,1;13,6;0;0;0;1,3;1;1;1;1;1;1;1;1;1;1;1;1;1;1;1;1;1;1;1;1;1;1;1;1;1;1;1;1;1;1;1
2448035;1;01/09/1994;1;0;0;1;0;1;1;1;;;0;0;0;0;0;0;0;0;0;0;0;0;0;0;0;0;0;0;0;0;0;0;0;0;0;0;0;0;0;0;;1;1;1;1;1;1;1;1;1;1;1;1;1;1;1;1;1;1;1;1;1;1;1;1;1;1;1;1;1;1;0
2448035;1;01/08/1994;1;16,7;16,7;2;1;1;1;1;;;0;16,7;0;0;0;0;0;0;0;0;0;0;0;0;0;0;0;0;0;0;0;0;0;0;0;0;0;0;0;0;0;1;1;1;1;1;1;1;1;1;1;1;1;1;1;1;1;1;1;1;1;1;1;1;1;1;1;1;1;1;1;1
2448035;1;01/07/1994;1;25,3;106,8;19;9;1;1;1;;;0;0;0;0;0;9,5;13,1;8,7;0;0;0;0;0;12,8;0;0;8,1;0;25,3;0;4,3;0;0;0;0;0;0;16,8;0;0;8,2;1;1;1;1;1;1;1;1;1;1;1;1;1;1;1;1;1;1;1;1;1;1;1;1;1;1;1;1;1;1;1
2448035;1;01/06/1994;1;25,9;140,4;8;12;1;1;1;;;15,2;9,3;0;2,8;0;0;12,2;25,9;0;0;0;6,8;11,1;0;0;0;0;6,7;0;0;3,7;0;0;0;23,4;8,2;0;0;15,1;0;;1;1;1;1;1;1;1;1;1;1;1;1;1;1;1;1;1;1;1;1;1;1;1;1;1;1;1;1;1;1;0
2448035;1;01/05/1994;1;48,6;135,1;12;8;1;1;1;;;0;0;0;0;0;0;0;0;0;1,2;0;48,6;0;0;0;16,8;0,2;8,6;0;0;0;0;0;20,4;0;0;0;0;28,2;11,1;0;1;1;1;1;1;1;1;1;1;1;1;1;1;1;1;1;1;1;1;1;1;1;1;1;1;1;1;1;1;1;1
2448035;1;01/04/1994;1;15,2;57,5;13;10;1;1;1;;;5,2;14,4;0;0;0;0;0;0;0;0;0;1,4;15,2;0;6,8;2,1;0;3,2;1,2;0;0;6,8;0;0;1,2;0;0;0;0;0;;1;1;1;1;1;1;1;1;1;1;1;1;1;1;1;1;1;1;1;1;1;1;1;1;1;1;1;1;1;1;0
2448035;1;01/03/1994;1;25,6;77,8;7;10;1;1;1;;;0;7,1;0;0;1,2;0;25,6;3,9;1,4;0;6,2;16,8;0,6;0;0;0;0;6,7;0;0;8,3;0;0;0;0;0;0;0;0;0;0;1;1;1;1;1;1;1;1;1;1;1;1;1;1;1;1;1;1;1;1;1;1;1;1;1;1;1;1;1;1;1
2448035;1;01/02/1994;1;29,8;167;26;15;1;1;1;;;0;0;4,2;0;0;1,3;0;0;12,2;13,1;12,1;10,4;0;21,2;4,1;0;0;0;15,2;0;0;20,3;0;11,6;0,8;29,8;6,6;4,1;;;;1;1;1;1;1;1;1;1;1;1;1;1;1;1;1;1;1;1;1;1;1;1;1;1;1;1;1;1;0;;
2448035;1;01/01/1994;1;42,8;260,5;29;15;1;1;1;;;0;0;36,5;1,2;6,1;0;0;0;9,3;31,1;0;0;0;13,4;24,1;3,1;0;35,3;0;0;0;0;0;1,3;0;0;21,2;13,4;42,8;13,4;8,3;1;1;1;1;1;1;1;1;1;1;1;1;1;1;1;1;1;1;1;1;1;1;1;1;1;1;1;1;1;1;1
2448035;1;01/12/1993;1;57,3;168,4;1;8;1;1;1;;;57,3;0;0;0,2;0;0;0;0;0;0;6;0;0;0;0;0;36,7;0;0;21,2;0;0;0;0;0;0;0;6,8;29,6;10,6;0;1;1;1;1;1;1;1;1;1;1;1;1;1;1;1;1;1;1;1;1;1;1;1;1;1;1;1;1;1;1;1
2448035;1;01/11/1993;1;36,2;61,9;23;4;1;1;1;;;0;0;0;0;0;0;0;0;0;0;1,4;0;0;0;0;0;0;23,7;0;0;0;0;36,2;0;0,6;0;0;0;0;0;;1;1;1;1;1;1;1;1;1;1;1;1;1;1;1;1;1;1;1;1;1;1;1;1;1;1;1;1;1;1;0
2448035;1;01/10/1993;1;35,9;107,2;4;9;1;1;1;;;10,3;12,8;6,7;35,9;16,7;0,3;0;0;0;0;0;0;0;0;0,1;0;0;0;0;0;23,6;0,8;0;0;0;0;0;0;0;0;0;1;1;1;1;1;1;1;1;1;1;1;1;1;1;1;1;1;1;1;1;1;1;1;1;1;1;1;1;1;1;1
2448035;1;01/09/1993;1;43,1;225,2;21;14;1;1;1;;;0;0;4,3;0;0;0;0;13,4;10,2;0;0;0;0;11,5;0,4;3;0;0;19,8;22,3;43,1;7,5;24,3;28,4;27,1;0;0;0;0;9,9;;1;1;1;1;1;1;1;1;1;1;1;1;1;1;1;1;1;1;1;1;1;1;1;1;1;1;1;1;1;1;0
2448035;1;01/08/1993;1;21,9;50,9;24;8;1;1;1;;;0;4,1;0;0;0;0;0;0;0,3;0;6,2;0;0;0;0;0;6,2;0;0;0;0;0,4;0;21,9;0;0;0;0,6;11,2;0;0;1;1;1;1;1;1;1;1;1;1;1;1;1;1;1;1;1;1;1;1;1;1;1;1;1;1;1;1;1;1;1
2448035;1;01/07/1993;1;50,7;109,7;13;7;1;1;1;;;0,6;0,8;0;0;0;0;2,1;0;0;0;0;0;50,7;36,5;0;0;0;0;0;0;0;0;0;0;0;0;0;0;0,6;0;18,4;1;1;1;1;1;1;1;1;1;1;1;1;1;1;1;1;1;1;1;1;1;1;1;1;1;1;1;1;1;1;1
2448035;1;01/06/1993;1;33,3;119,7;18;7;1;1;1;;;0;0;0;19,2;0;6,7;0;0;0;15,2;17,9;0;2,1;0;0;0;0;33,3;25,3;0;0;0;0;0;0;0;0;0;0;0;;1;1;1;1;1;1;1;1;1;1;1;1;1;1;1;1;1;1;1;1;1;1;1;1;1;1;1;1;1;1;0
2448035;1;01/05/1993;1;25,3;105,2;12;8;1;1;1;;;0;0;0;14,6;0;16,3;0;0;0;0;0;25,3;0;13,1;0;8,3;0;0;0;0;0;6,2;0;0;0;0;0;0;7,2;0;14,2;1;1;1;1;1;1;1;1;1;1;1;1;1;1;1;1;1;1;1;1;1;1;1;1;1;1;1;1;1;1;1
2448035;1;01/04/1993;1;16;51,9;1;7;1;1;1;;;16;0,8;0,1;0;0;0;0;0;14;0;0;0;0;11,3;0;0;0;0;0;0;3,4;0;0;0;6,3;0;0;0;0;0;;1;1;1;1;1;1;1;1;1;1;1;1;1;1;1;1;1;1;1;1;1;1;1;1;1;1;1;1;1;1;0
2448035;1;01/03/1993;1;15,2;62,7;22;11;1;1;1;;;8,2;0,3;0;6,5;0;0;0;0;0;1,3;0;0;0;12,8;0,2;0;0;0;6;0;0;15,2;8,8;2,8;0;0;0;0,6;0;0;0;1;1;1;1;1;1;1;1;1;1;1;1;1;1;1;1;1;1;1;1;1;1;1;1;1;1;1;1;1;1;1
2448035;1;01/02/1993;1;26,7;178,2;21;17;1;1;1;;;0;0,4;2,1;0;0;0;8;0;23,3;25,6;3,1;4,8;0,1;0;0;12,7;10,4;13,8;24;1;26,7;8,8;0;13,2;0,2;0;0;0;;;;1;1;1;1;1;1;1;1;1;1;1;1;1;1;1;1;1;1;1;1;1;1;1;1;1;1;1;1;0;;
2448035;1;01/01/1993;1;40,2;220,4;8;15;1;1;1;;;0;0;0;2,1;24,3;32;0;40,2;13,2;6,7;0;15,3;0;20,3;0,6;0;0;0;0;0;16,2;0;0;0;3,2;0;25,8;6,7;0,6;13,2;0;1;1;1;1;1;1;1;1;1;1;1;1;1;1;1;1;1;1;1;1;1;1;1;1;1;1;1;1;1;1;1
2448035;1;01/12/1992;1;42,8;107,4;25;7;1;1;1;;;40,4;0;0;0;0;0,4;0;15,2;0;0;0;0;2,1;0;0;0;0,2;0;0;6,3;0;0;0;0;42,8;0;0;0;0;0;0;1;1;1;1;1;1;1;1;1;1;1;1;1;1;1;1;1;1;1;1;1;1;1;1;1;1;1;1;1;1;1
2448035;1;01/11/1992;1;27,3;53,3;22;6;1;1;1;;;5,1;0;0;0;0;0;0;0;8;0;0;0;0;0,2;0;12,1;0;0;0;0;0;27,3;0;0;0;0,6;0;0;0;0;;1;1;1;1;1;1;1;1;1;1;1;1;1;1;1;1;1;1;1;1;1;1;1;1;1;1;1;1;1;1;0
2448035;1;01/10/1992;1;36,9;115,8;12;10;1;1;1;;;0;3,8;0;0;0;0;6,4;0;4,2;0;0;36,9;0,6;0;0;20,1;0;36,8;0,4;0;0;0;0;0;0;0,4;0;0;6,2;0;0;1;1;1;1;1;1;1;1;1;1;1;1;1;1;1;1;1;1;1;1;1;1;1;1;1;1;1;1;1;1;1
2448035;1;01/09/1992;1;16;101,2;3;11;1;1;1;;;0;13,4;16;0;0;15,2;0;0;0;0;15,8;0,2;0,8;6;0;13,4;0;0;0;0;0;13,8;0;0;6,2;0,4;0;0;0;0;;1;1;1;1;1;1;1;1;1;1;1;1;1;1;1;1;1;1;1;1;1;1;1;1;1;1;1;1;1;1;0
2448035;1;01/08/1992;1;22,8;85,8;19;7;1;1;1;;;13,4;0,8;0;0;6,8;0;0;0;0;0;0;18,2;0;0;0;0;0;0;22,8;0;0;15,2;0;0;0;0;0;0;8,6;0;0;1;1;1;1;1;1;1;1;1;1;1;1;1;1;1;1;1;1;1;1;1;1;1;1;1;1;1;1;1;1;1
2448035;1;01/07/1992;1;18,2;100,1;16;12;1;1;1;;;0;0;0;0;0;15,8;9,2;0;0;0,6;0;0;0;13,6;0;18,2;15,8;0;0;0;0,8;13,6;3,3;0;6,2;0;2,8;0,2;0;0;0;1;1;1;1;1;1;1;1;1;1;1;1;1;1;1;1;1;1;1;1;1;1;1;1;1;1;1;1;1;1;1
2448035;1;01/06/1992;1;8,2;14,6;19;4;1;1;1;;;0;0;0;0;0;0;2,6;0;0;0;0,6;0;0;0;0;0;0;0;8,2;0;0;0;0;0;0;0;0;0;0;3,2;;1;1;1;1;1;1;1;1;1;1;1;1;1;1;1;1;1;1;1;1;1;1;1;1;1;1;1;1;1;1;0
2448035;1;01/05/1992;1;65;150;16;17;1;1;1;;;0;12,8;18,6;0,8;0,2;0;0;0;0;0;4;0;6,2;0,8;1,2;65;0;0;0;2,4;0;0;0,2;3,2;0;8,6;0,8;10,6;0;6;8,6;1;1;1;1;1;1;1;1;1;1;1;1;1;1;1;1;1;1;1;1;1;1;1;1;1;1;1;1;1;1;1
2448035;1;01/04/1992;1;18,6;93,5;16;13;1;1;1;;;0;0;0,6;6,2;0;11,8;0;0;15,6;0,2;0;0;1,2;0;0;18,6;0;13,2;0,2;0;0;0;0;0;4,8;0;11,5;0;0,7;8,9;;1;1;1;1;1;1;1;1;1;1;1;1;1;1;1;1;1;1;1;1;1;1;1;1;1;1;1;1;1;1;0
2448035;1;01/03/1992;1;68,6;289,7;5;16;1;1;1;;;0;34,2;0;0;68,6;11,1;0;0;0;0;16,2;13,6;1;0;0;15,8;0,2;57,6;61,2;0;2,6;0,2;0;0,2;0;0,4;0;0;6,2;0,6;0;1;1;1;1;1;1;1;1;1;1;1;1;1;1;1;1;1;1;1;1;1;1;1;1;1;1;1;1;1;1;1
2448035;1;01/02/1992;1;45,6;174,2;2;11;1;1;1;;;25,8;45,6;29,5;6,2;0,2;0;0;0;2,4;0;0;0;0;4,2;0;0;0;0,6;23,2;0;0;0;0;0;0;36,1;0,4;0;0;;;1;1;1;1;1;1;1;1;1;1;1;1;1;1;1;1;1;1;1;1;1;1;1;1;1;1;1;1;1;0;
2448035;1;01/01/1992;1;21,2;57,8;16;9;1;1;1;;;0;2,8;0;6;0;0;0;0;0;0;0;12,8;0;0,2;0;21,2;0;0;0;0,8;0;0;3,6;0;0;0;0,8;0;0;0;9,6;1;1;1;1;1;1;1;1;1;1;1;1;1;1;1;1;1;1;1;1;1;1;1;1;1;1;1;1;1;1;1
2448035;1;01/12/1991;1;31,6;143,5;16;14;1;1;1;;;0;0;0;0;12,8;0;0,8;0;26,2;0,4;24,3;0;0;12,8;0;31,6;0,3;0;6,8;0,2;0;6,2;0;0;0;0;12,1;0;8,4;0,6;0;1;1;1;1;1;1;1;1;1;1;1;1;1;1;1;1;1;1;1;1;1;1;1;1;1;1;1;1;1;1;1
2448035;1;01/11/1991;1;22,4;41;4;4;1;1;1;;;0;12,2;0;22,4;0;0;0;0;0;0;0,2;0;0;0;0;0;0;6,2;0;0;0;0;0;0;0;0;0;0;0;0;;1;1;1;1;1;1;1;1;1;1;1;1;1;1;1;1;1;1;1;1;1;1;1;1;1;1;1;1;1;1;0
2448035;1;01/10/1991;1;31,4;91,5;6;7;1;1;1;;;0;15,2;0;0;0;31,4;4,6;0;8,6;0;0;0;0;0;0;0;0,2;0;18,4;0;0;0;0;0;0;13,1;0;0;0;0;0;1;1;1;1;1;1;1;1;1;1;1;1;1;1;1;1;1;1;1;1;1;1;1;1;1;1;1;1;1;1;1
2448035;1;01/09/1991;1;34,6;96,7;30;7;1;1;1;;;0;0;0;0;0;0;0;0;0;0;0;0;0;0;0;0;0;22,1;4,3;0;12,8;0;8,2;0;8,4;0;0;0;6,3;34,6;;1;1;1;1;1;1;1;1;1;1;1;1;1;1;1;1;1;1;1;1;1;1;1;1;1;1;1;1;1;1;0
2448035;1;01/08/1991;1;12,8;45,3;10;7;1;1;1;;;0;0;0;0;0;0;8,3;2,4;0;12,8;6,2;0;0;0;0;0;0;2,8;0;0;0;0;0;0;0,6;0;12,2;0;0;0;0;1;1;1;1;1;1;1;1;1;1;1;1;1;1;1;1;1;1;1;1;1;1;1;1;1;1;1;1;1;1;1
2448035;1;01/07/1991;1;15,2;29,3;29;3;1;1;1;;;0;0;0;0;0;0;0;0;0;0;0;12;0;0;0;0;0;0;0;0;0;0;0;0;0;0;0;0;15,2;0;2,1;1;1;1;1;1;1;1;1;1;1;1;1;1;1;1;1;1;1;1;1;1;1;1;1;1;1;1;1;1;1;1
2448035;1;01/02/1991;1;52,1;164,8;15;10;1;1;1;;;0;24,2;0;0;0,8;31,8;0,2;0;0;12,8;0;0;0;0;52,1;0;0;22,2;0;8,6;0;0;6,1;0;0;0;6;0;;;;1;1;1;1;1;1;1;1;1;1;1;1;1;1;1;1;1;1;1;1;1;1;1;1;1;1;1;1;0;;
2448035;1;01/01/1991;1;48,2;167,2;24;12;1;1;1;;;0;24,8;0;0;2,8;0,6;0;0,2;0;0;0;0;28,2;0;0;0;0,2;0;0;0;0;0;0,8;48,2;0,8;32,6;0;27,8;0,2;0;0;1;1;1;1;1;1;1;1;1;1;1;1;1;1;1;1;1;1;1;1;1;1;1;1;1;1;1;1;1;1;1
2448035;1;01/12/1990;1;98;196,8;24;9;1;1;1;;;0;0;21,8;0;0;0;2,7;23,1;0;0;0;0;21;0;8,2;0;20,2;0;0;1;0;0;0;98;0;0;0;0;0;0;0,8;1;1;1;1;1;1;1;1;1;1;1;1;1;1;1;1;1;1;1;1;1;1;1;1;1;1;1;1;1;1;1
2448035;1;01/11/1990;1;15,8;73,8;10;8;1;1;1;;;0;0;6;0;0;13,8;0;0;0;15,8;0;0;0;0;6,8;0;6,2;0;0;6,8;0;0;0;6,2;12,2;0;0;0;0;0;;1;1;1;1;1;1;1;1;1;1;1;1;1;1;1;1;1;1;1;1;1;1;1;1;1;1;1;1;1;1;0
2448035;1;01/10/1990;1;61,6;222,7;29;8;1;1;1;;;0;0;0;16,8;0;18,2;0;0;0;0;0;0;0;12,7;0;34,8;0;61,2;0;0;0;0;0;0;0,6;16,8;0;0;61,6;0;0;1;1;1;1;1;1;1;1;1;1;1;1;1;1;1;1;1;1;1;1;1;1;1;1;1;1;1;1;1;1;1
2448035;1;01/09/1990;1;41;109,5;13;9;1;1;1;;;0;6,7;0;0;9;0;0;0;2,6;0;0;15,2;41;16,8;0;0;0;0;0;0;0;6,2;0;0,2;0;0;0;11,8;0;0;;1;1;1;1;1;1;1;1;1;1;1;1;1;1;1;1;1;1;1;1;1;1;1;1;1;1;1;1;1;1;0
2448035;1;01/08/1990;1;39,4;97;19;6;1;1;1;;;0;0;0;0;0;0;0;0;0;6,2;0;0;0;0;0;12,4;0;18,2;39,4;0;0;0;0;8,6;0;0;0;12,2;0;0;0;1;1;1;1;1;1;1;1;1;1;1;1;1;1;1;1;1;1;1;1;1;1;1;1;1;1;1;1;1;1;1
2448035;1;01/07/1990;1;44,2;214,4;21;11;1;1;1;;;0;0;22,8;0;0;6,2;0;0;0;0;12,8;0;0;0;0;0;36,5;1,8;13,4;31,8;44,2;21,1;0;8,6;0;0;15,2;0;0;0;0;1;1;1;1;1;1;1;1;1;1;1;1;1;1;1;1;1;1;1;1;1;1;1;1;1;1;1;1;1;1;1
2448035;1;01/06/1990;1;30;83,2;10;7;1;1;1;;;18,8;0;0;0;0;6,4;0;0;0;30;0;0;0;8,4;0;0;0;0;0;0;0,6;0;0;12,2;0;0;0;0;0;6,8;;1;1;1;1;1;1;1;1;1;1;1;1;1;1;1;1;1;1;1;1;1;1;1;1;1;1;1;1;1;1;0
2448035;1;01/05/1990;1;34,6;94,9;17;8;1;1;1;;;0;0;0;0;2,4;0;0;0;0;6,2;0;10,7;0;0;6,2;2,6;34,6;26,2;0;0;0;0;0;0;0;6;0;0;0;0;0;1;1;1;1;1;1;1;1;1;1;1;1;1;1;1;1;1;1;1;1;1;1;1;1;1;1;1;1;1;1;1
2448035;1;01/04/1990;1;22;89,3;20;7;1;1;1;;;0;0;0;2,4;16,7;0;0;0;0;0;0;0;15,2;0;0;0;0;0;0;22;0;5,4;0;0;16,2;0;0;11,4;0;0;;1;1;1;1;1;1;1;1;1;1;1;1;1;1;1;1;1;1;1;1;1;1;1;1;1;1;1;1;1;1;0
2448035;1;01/03/1990;1;20;103;7;12;1;1;1;;;0;0;0;0;3;0;20;1,2;2,4;12,6;0;0;0;0;0;0;4,6;0;6,3;6,8;0;16,8;11,3;0;0;0;0;0;11,2;6,8;0;1;1;1;1;1;1;1;1;1;1;1;1;1;1;1;1;1;1;1;1;1;1;1;1;1;1;1;1;1;1;1
2448035;1;01/02/1990;1;38,6;115,8;14;7;1;1;1;;;0;0;0;0;0;0;0;0;0;0;0;8,8;6,8;38,6;0;0;0;0;0;0;0;0;36;0,5;21,4;3,7;0;0;;;;1;1;1;1;1;1;1;1;1;1;1;1;1;1;1;1;1;1;1;1;1;1;1;1;1;1;1;1;0;;
2448035;1;01/01/1990;1;38,8;296,9;10;24;1;1;1;;;0;6,1;14,6;5,8;3,8;9,8;24,4;26,4;34,6;38,8;12,8;2,1;15,4;25;8,3;0,1;3,2;18,9;4,6;0,8;0;5,6;20,2;0;0;12,9;0,6;0;0;2,1;0;1;1;1;1;1;1;1;1;1;1;1;1;1;1;1;1;1;1;1;1;1;1;1;1;1;1;1;1;1;1;1
2448035;1;01/12/1989;1;37;138;29;11;1;1;1;;;0;0;1,6;0;0;0;0;0;0;0;0;0;0;0;0;0;13,2;30,8;2,4;3,8;0;0;0;0;0;6,2;12,4;22,8;37;2,4;5,4;1;1;1;1;1;1;1;1;1;1;1;1;1;1;1;1;1;1;1;1;1;1;1;1;1;1;1;1;1;1;1
2448035;1;01/11/1989;1;34,2;92,1;9;6;1;1;1;;;0;0;5,3;0;0;0;0;0;34,2;0;0;0;0;0;0;0;0;0;0;0;15,4;6,8;0;0;0;16,8;0;13,6;0;0;;1;1;1;1;1;1;1;1;1;1;1;1;1;1;1;1;1;1;1;1;1;1;1;1;1;1;1;1;1;1;0
2448035;1;01/10/1989;1;47,2;71,7;27;8;1;1;1;;;0;0;0;4,8;0;0;0;0;0;0;3,8;8,7;0;0;0;0;0,9;0;0;1,1;0;0;2,8;0;0;0;47,2;0;2,4;0;0;1;1;1;1;1;1;1;1;1;1;1;1;1;1;1;1;1;1;1;1;1;1;1;1;1;1;1;1;1;1;1
2448035;1;01/09/1989;1;50,2;105,7;13;8;1;1;1;;;0;0;0;0;0;0;0;2,7;0;6,2;4,8;0;50,2;13,2;0;0;0;0;0;0;0;0;0;22,8;0;1,4;0;0;4,4;0;;1;1;1;1;1;1;1;1;1;1;1;1;1;1;1;1;1;1;1;1;1;1;1;1;1;1;1;1;1;1;0
2448035;1;01/08/1989;1;9,2;45,1;25;6;1;1;1;;;0;0;0;0;0;0;0;0;0;0;0;0;6,2;0;0;0;0;0;0;5,6;0;0;8,7;0;9,2;0;8,6;0;6,8;0;0;1;1;1;1;1;1;1;1;1;1;1;1;1;1;1;1;1;1;1;1;1;1;1;1;1;1;1;1;1;1;1
2448035;1;01/07/1989;1;51,4;152,5;31;7;1;1;1;;;8,4;0;0;0;0;12;0;0;0;0;0;0;0;0;0;0;0;0;0;0;0;0;0;0;1,9;34,6;27;17,2;0;0;51,4;1;1;1;1;1;1;1;1;1;1;1;1;1;1;1;1;1;1;1;1;1;1;1;1;1;1;1;1;1;1;1
2448035;1;01/06/1989;1;33,2;99,5;11;10;1;1;1;;;0;0;0;0;0;0;0;11,9;10,2;0;33,2;7,3;2,6;0;0;5,6;7,8;0;0;0;0;0;13,4;0;5,2;0;0;2,3;0;0;;1;1;1;1;1;1;1;1;1;1;1;1;1;1;1;1;1;1;1;1;1;1;1;1;1;1;1;1;1;1;0
2448035;1;01/05/1989;1;31,8;71,7;11;4;1;1;1;;;25,6;0;0;0;0;0;0;0;0;0;31,8;0;0;0;0;0;0;0;0;0;0;0;0;13,7;0,6;0;0;0;0;0;0;1;1;1;1;1;1;1;1;1;1;1;1;1;1;1;1;1;1;1;1;1;1;1;1;1;1;1;1;1;1;1
2448035;1;01/04/1989;1;24,8;92;3;10;1;1;1;;;6;0;24,8;0;0;0;0;11,4;0;0;0,4;0;0;6;0;0;0;0;16,2;0;0;0;0;0,6;8,4;0;0;0;12,2;6;;1;1;1;1;1;1;1;1;1;1;1;1;1;1;1;1;1;1;1;1;1;1;1;1;1;1;1;1;1;1;0
2448035;1;01/03/1989;1;42,1;134,8;31;8;1;1;1;;;0;14,2;0;0;0;0;0;0;0;0;0;0;0;0;6,2;0;0;7,8;0;26,2;30,7;0;0;3,9;0;0;3,7;0;0;0;42,1;1;1;1;1;1;1;1;1;1;1;1;1;1;1;1;1;1;1;1;1;1;1;1;1;1;1;1;1;1;1;1
2448035;1;01/02/1989;1;29,2;156,8;3;12;1;1;1;;;12,6;0;29,2;0;0;0;0;0;0;15,2;27,2;9;0;19,6;0;11,5;13,8;0;0;0;0;1,3;0;10,2;0,4;0;6,8;0;;;;1;1;1;1;1;1;1;1;1;1;1;1;1;1;1;1;1;1;1;1;1;1;1;1;1;1;1;1;0;;
2448035;1;01/01/1989;1;45,4;263,8;1;19;1;1;1;;;45,4;9,6;13,9;8,8;16,6;23,6;8,4;6,8;8,4;13;0;21;0,8;13,7;0;16;0;0;0;0;0;0;3,6;0;0;12,2;0;6;26,8;9,2;0;1;1;1;1;1;1;1;1;1;1;1;1;1;1;1;1;1;1;1;1;1;1;1;1;1;1;1;1;1;1;1
2448035;1;01/12/1988;1;47,2;137;14;9;1;1;1;;;0;0;0;0;0;0;0;0;0;0;0;0;0;47,2;3,8;0;0;0;12,2;10,4;0;0;0;6,2;0;15,2;13,4;22,2;0;0;6,4;1;1;1;1;1;1;1;1;1;1;1;1;1;1;1;1;1;1;1;1;1;1;1;1;1;1;1;1;1;1;1
2448035;1;01/11/1988;1;22,4;25,2;13;4;1;1;1;;;0;0;0,2;0;0;0;0;0;0;0;0;0;22,4;0;0;0;0,6;0;0;0;2;0;0;0;0;0;0;0;0;0;;1;1;1;1;1;1;1;1;1;1;1;1;1;1;1;1;1;1;1;1;1;1;1;1;1;1;1;1;1;1;0
2448035;1;01/10/1988;1;33,3;156,6;19;12;1;1;1;;;7,4;12,8;0;10,6;0;0;0;0;0;0;0;0;0,3;7,4;0;0;0;0;33,3;10,2;0;0;24,2;0;26;6;0;6,2;0;0;12,2;1;1;1;1;1;1;1;1;1;1;1;1;1;1;1;1;1;1;1;1;1;1;1;1;1;1;1;1;1;1;1
2448035;1;01/09/1988;1;28,2;103,3;27;6;1;1;1;;;0;0;0;0;0;0;0;0;0;0;0;0;0;19;0;17,2;0;13,2;0,1;0;0;0;0;0;0;0;28,2;25,6;0;0;;1;1;1;1;1;1;1;1;1;1;1;1;1;1;1;1;1;1;1;1;1;1;1;1;1;1;1;1;1;1;0
2448035;1;01/08/1988;1;3,2;3,2;21;1;1;1;1;;;0;0;0;0;0;0;0;0;0;0;0;0;0;0;0;0;0;0;0;0;3,2;0;0;0;0;0;0;0;0;0;0;1;1;1;1;1;1;1;1;1;1;1;1;1;1;1;1;1;1;1;1;1;1;1;1;1;1;1;1;1;1;1
2448035;1;01/07/1988;1;17,8;41,4;22;4;1;1;1;;;0;0;15,2;0;0;0;0;0;0,6;0;0;0;0;0;0;0;7,8;0;0;0;0;17,8;0;0;0;0;0;0;0;0;0;1;1;1;1;1;1;1;1;1;1;1;1;1;1;1;1;1;1;1;1;1;1;1;1;1;1;1;1;1;1;1
2448035;1;01/06/1988;1;16,6;43,6;18;4;1;1;1;;;0;0;0;15,2;0;0;0;0;0;0;0;5,6;0;0;0;0;0;16,6;0;0;0;0;6,2;0;0;0;0;0;0;0;;1;1;1;1;1;1;1;1;1;1;1;1;1;1;1;1;1;1;1;1;1;1;1;1;1;1;1;1;1;1;0
2448035;1;01/05/1988;1;26,2;255,1;21;15;1;1;1;;;0;10,8;0;20,6;0;20,2;0;0;0;0;0;15,2;0;0;0;0;24,1;0,4;0;15,4;26,2;13,4;24,4;22;0;0;0;23,2;11,4;20;7,8;1;1;1;1;1;1;1;1;1;1;1;1;1;1;1;1;1;1;1;1;1;1;1;1;1;1;1;1;1;1;1
2448035;1;01/04/1988;1;38,2;132,6;7;9;1;1;1;;;0;0;0;7,8;0;0;38,2;0;0;0;0;37,2;0;0;0;0;0;8,2;0;4,2;13,4;0;0;0,8;0;10,6;12,2;0;0;0;;1;1;1;1;1;1;1;1;1;1;1;1;1;1;1;1;1;1;1;1;1;1;1;1;1;1;1;1;1;1;0
2448035;1;01/03/1988;1;18,8;50,2;13;4;1;1;1;;;0;13,2;0;0;0;0;5,4;0;0;0;0;0;18,8;0;0;0;0;0;0;0;0;0;0;0;0;0;0;0;12,8;0;0;1;1;1;1;1;1;1;1;1;1;1;1;1;1;1;1;1;1;1;1;1;1;1;1;1;1;1;1;1;1;1
2448035;1;01/02/1988;1;43,6;188,3;26;7;1;1;1;;;0;0;0;0;0;0;25,4;0;32,2;0,2;0;0;0;0;0;0;0;0;0;0;0;0;10,8;0;0;43,6;0;36,4;39,7;;;1;1;1;1;1;1;1;1;1;1;1;1;1;1;1;1;1;1;1;1;1;1;1;1;1;1;1;1;1;0;
2448035;1;01/01/1988;1;54,4;126,4;23;5;1;1;1;;;0;0;0;0;0;0;0;0;0;0;0;0;0;0;0;0;0;12,2;0;0;0;0;54,4;0;0;0;12,2;18,4;0;0;29,2;1;1;1;1;1;1;1;1;1;1;1;1;1;1;1;1;1;1;1;1;1;1;1;1;1;1;1;1;1;1;1
2448035;1;01/12/1987;1;28,2;74;8;7;1;1;1;;;0;9,4;0;0;0;0;0;28,2;0;0;6,8;0;8,6;0,4;0;0;0;0;0;0;0;0;12,4;0;0;8,2;0;0;0;0;0;1;1;1;1;1;1;1;1;1;1;1;1;1;1;1;1;1;1;1;1;1;1;1;1;1;1;1;1;1;1;1
2448035;1;01/11/1987;1;24,1;58,5;9;7;1;1;1;;;0;0;0;0;0;0;2,4;0;24,1;0;0;8,2;0;0;2,4;0;6,8;0;0;6,2;0;0;0;0;0;8,4;0;0;0;0;;1;1;1;1;1;1;1;1;1;1;1;1;1;1;1;1;1;1;1;1;1;1;1;1;1;1;1;1;1;1;0
2448035;1;01/10/1987;1;48,4;125,4;25;8;1;1;1;;;0;0;0;0;0;0;0;0;0;0;0;0;14,2;20,4;0;0;8,2;12,4;0;0;3,7;0;0;3,4;48,4;0;0;0;14,7;0;0;1;1;1;1;1;1;1;1;1;1;1;1;1;1;1;1;1;1;1;1;1;1;1;1;1;1;1;1;1;1;1
2448035;1;01/09/1987;1;14,4;51,8;16;6;1;1;1;;;0;0;9,3;0;0;0;0;0;0;6,2;9,7;0;0;0;0;14,4;0;0;6,2;0;0;0;0;6;0;0;0;0;0;0;;1;1;1;1;1;1;1;1;1;1;1;1;1;1;1;1;1;1;1;1;1;1;1;1;1;1;1;1;1;1;0
2448035;1;01/08/1987;1;48,7;55,4;16;2;1;1;1;;;0;0;0;0;0;0;0;0;0;0;0;0;0;0;0;48,7;0;0;0;0;0;0;0;0;0;0;0;0;0;6,7;0;1;1;1;1;1;1;1;1;1;1;1;1;1;1;1;1;1;1;1;1;1;1;1;1;1;1;1;1;1;1;1
2448035;1;01/07/1987;1;20,2;41;5;5;1;1;1;;;6,8;0;0;0;20,2;7,2;0;0;0;0;0;0;6,2;0;0;0;0,6;0;0;0;0;0;0;0;0;0;0;0;0;0;0;1;1;1;1;1;1;1;1;1;1;1;1;1;1;1;1;1;1;1;1;1;1;1;1;1;1;1;1;1;1;1
2448035;1;01/06/1987;1;43;77,6;15;8;1;1;1;;;0,6;0;0;0;0;0;0;0;0;0;0;0;20,4;0,6;43;0;0;0;0;0;6;6,2;0,6;0;0;0;0;0;0;0,2;;1;1;1;1;1;1;1;1;1;1;1;1;1;1;1;1;1;1;1;1;1;1;1;1;1;1;1;1;1;1;0
2448035;1;01/05/1987;1;50,5;226;16;14;1;1;1;;;0;0;0;11,8;0;0;9,5;0;0;0;0;0;6,2;50,4;8,6;50,5;0,6;10,6;20;47,6;0;0;3;0;0;0,8;0;0;6,2;0,2;0;1;1;1;1;1;1;1;1;1;1;1;1;1;1;1;1;1;1;1;1;1;1;1;1;1;1;1;1;1;1;1
2448035;1;01/04/1987;1;26,8;36;24;5;1;1;1;;;0;1,2;0;2,7;0;0;0;0;0;0;5,1;0;0;0;0;0;0;0;0;0;0;0;0;26,8;0;0;0;0;0,2;0;;1;1;1;1;1;1;1;1;1;1;1;1;1;1;1;1;1;1;1;1;1;1;1;1;1;1;1;1;1;1;0
2448035;1;01/03/1987;1;17,4;23,3;27;3;1;1;1;;;0;0;0;0;0;0;0;0;0;0;0;0;2,4;0;0;0;0;0;3,5;0;0;0;0;0;0;0;17,4;0;0;0;0;1;1;1;1;1;1;1;1;1;1;1;1;1;1;1;1;1;1;1;1;1;1;1;1;1;1;1;1;1;1;1
2448035;1;01/02/1987;1;25,8;151,1;4;15;1;1;1;;;7,5;0;24,4;25,8;0;6,8;14,7;10;2,7;0,2;4,2;0;0;2,7;0;6,2;21,9;0;10,8;10;3,2;0;0;0;0;0;0;0;;;;1;1;1;1;1;1;1;1;1;1;1;1;1;1;1;1;1;1;1;1;1;1;1;1;1;1;1;1;0;;
2448035;1;01/01/1987;1;45,6;123;13;11;1;1;1;;;0;0;0;0;0,4;0;0;0;0;0;0;0,2;45,6;0;22,3;35,6;0;0;2,6;0,6;0,2;0;0;0;0,4;8,5;0;0;0;0;6,6;1;1;1;1;1;1;1;1;1;1;1;1;1;1;1;1;1;1;1;1;1;1;1;1;1;1;1;1;1;1;1
2448035;1;01/12/1986;1;26,1;119,8;1;15;1;1;1;;;26,1;0;6,2;0;2,1;2,8;25,2;0;0;6,8;0;8,2;0,2;0;0;8,6;0;0;6,2;0;0;1,2;0;0;0,2;2,7;0;0,6;22,7;0;0;1;1;1;1;1;1;1;1;1;1;1;1;1;1;1;1;1;1;1;1;1;1;1;1;1;1;1;1;1;1;1
2448035;1;01/11/1986;1;42,8;169,9;1;11;1;1;1;;;42,8;2,4;20;12,7;7,2;0;0;0;0;0,6;22,8;0,2;0;0;0;0;0;0;0;0;0;0;0;0;23,2;0;8,7;0;0;29,3;;1;1;1;1;1;1;1;1;1;1;1;1;1;1;1;1;1;1;1;1;1;1;1;1;1;1;1;1;1;1;0
2448035;1;01/10/1986;1;27,5;57,4;10;7;1;1;1;;;0;0;0;0;0;0;0;6,2;0;27,5;0;0;0;0;6,2;0;0;0;6,8;1,3;2,9;6,5;0;0;0;0;0;0;0;0;0;1;1;1;1;1;1;1;1;1;1;1;1;1;1;1;1;1;1;1;1;1;1;1;1;1;1;1;1;1;1;1
2448035;1;01/09/1986;1;18,6;63,8;4;5;1;1;1;;;0;0;0;18,6;0;0;0;0;0,6;0;0;0;0;0;0;0;0;0;10,2;0;16;0;0;0;0;18,4;0;0;0;0;;1;1;1;1;1;1;1;1;1;1;1;1;1;1;1;1;1;1;1;1;1;1;1;1;1;1;1;1;1;1;0
2448035;1;01/08/1986;1;62;134;21;5;1;1;1;;;0;0;0;0;0;0;0;0;0;0;0;18,8;0;9,4;0;0;0;18,2;0;25,6;62;0;0;0;0;0;0;0;0;0;0;1;1;1;1;1;1;1;1;1;1;1;1;1;1;1;1;1;1;1;1;1;1;1;1;1;1;1;1;1;1;1
2448035;1;01/07/1986;1;16,2;37;22;3;1;1;1;;;0;0;0;0;0;0;12,6;0;0;0;0;8,2;0;0;0;0;0;0;0;0;0;16,2;0;0;0;0;0;0;0;0;0;1;1;1;1;1;1;1;1;1;1;1;1;1;1;1;1;1;1;1;1;1;1;1;1;1;1;1;1;1;1;1
2448035;1;01/06/1986;1;37,2;95,6;16;6;1;1;1;;;0;0;15,6;0;0;0;0;0;12;0;0;0;0;0;0;37,2;0;0;0;0;0;0;0;12,6;0;0;0;0,2;18;0;;1;1;1;1;1;1;1;1;1;1;1;1;1;1;1;1;1;1;1;1;1;1;1;1;1;1;1;1;1;1;0
2448035;1;01/05/1986;1;30,4;94,2;10;8;1;1;1;;;0;0;0;0;0;0;16,8;0;0;30,4;0;2,6;0;0;0;0,4;0;24,2;1,8;0;0;1,8;0;0;16,2;0;0;0;0;0;0;1;1;1;1;1;1;1;1;1;1;1;1;1;1;1;1;1;1;1;1;1;1;1;1;1;1;1;1;1;1;1
2448035;1;01/04/1986;1;44,2;86,4;16;6;1;1;1;;;0;0;0;0;0;5,6;0;0;0;0;0;1,2;0;2,8;0;44,2;0;0;0;0;27,2;0;0;0;0;0;0;5,4;0;0;;1;1;1;1;1;1;1;1;1;1;1;1;1;1;1;1;1;1;1;1;1;1;1;1;1;1;1;1;1;1;0
2448035;1;01/03/1986;1;15,2;61,8;10;9;1;1;1;;;0;3,4;0;0;0;0;5,2;0;0;15,2;8,4;0;0,4;0;0;3,8;0;0;0;5,6;0;0;0;0;0;0;0;0;6,2;0;13,6;1;1;1;1;1;1;1;1;1;1;1;1;1;1;1;1;1;1;1;1;1;1;1;1;1;1;1;1;1;1;1
2448035;1;01/02/1986;1;60,4;187,4;27;12;1;1;1;;;8,2;0;2,2;2,4;0;0;0;0;17,2;0;0;0,2;2,4;0;18;0;4,4;0;0;60,2;0;3,6;0;0;8,2;0;60,4;0;;;;1;1;1;1;1;1;1;1;1;1;1;1;1;1;1;1;1;1;1;1;1;1;1;1;1;1;1;1;0;;
2448035;1;01/01/1986;1;50,6;192,8;11;8;1;1;1;;;0;0;0;0;0;0;0;0;0;0;50,6;0;47,6;0;2,6;0;0;0;18,8;6,8;0;13,2;0;34;0;0;0;0;19,2;0;0;1;1;1;1;1;1;1;1;1;1;1;1;1;1;1;1;1;1;1;1;1;1;1;1;1;1;1;1;1;1;1
2448035;1;01/12/1985;1;27,8;70,6;27;4;1;1;1;;;0;0;3,2;0;0;0;0;0;0;0;0;0;0;0;26,2;0;0;0;0;0;0;13,4;0;0;0;0;27,8;0;0;0;0;1;1;1;1;1;1;1;1;1;1;1;1;1;1;1;1;1;1;1;1;1;1;1;1;1;1;1;1;1;1;1
2448035;1;01/11/1985;1;23,4;55,6;24;4;1;1;1;;;0;17,2;6,4;0;0;0;0;0;0;0;0;0;0;0;0;0;0;0;0;0;0;8,6;0;23,4;0;0;0;0;0;0;;1;1;1;1;1;1;1;1;1;1;1;1;1;1;1;1;1;1;1;1;1;1;1;1;1;1;1;1;1;1;0
2448035;1;01/10/1985;1;33,6;72;21;5;1;1;1;;;0;0;0;0;0;1,6;0;0;0;5,4;0;0;0;0;0;0;0;0;0;0;33,6;0;0;0;0;0;0;25,6;0;5,8;0;1;1;1;1;1;1;1;1;1;1;1;1;1;1;1;1;1;1;1;1;1;1;1;1;1;1;1;1;1;1;1
2448035;1;01/09/1985;1;51,8;109,6;1;4;1;1;1;;;51,8;0;22,8;28,4;0;0;0;6,6;0;0;0;0;0;0;0;0;0;0;0;0;0;0;0;0;0;0;0;0;0;0;;1;1;1;1;1;1;1;1;1;1;1;1;1;1;1;1;1;1;1;1;1;1;1;1;1;1;1;1;1;1;0
2448035;1;01/08/1985;1;8,6;8,6;31;1;1;1;1;;;0;0;0;0;0;0;0;0;0;0;0;0;0;0;0;0;0;0;0;0;0;0;0;0;0;0;0;0;0;0;8,6;1;1;1;1;1;1;1;1;1;1;1;1;1;1;1;1;1;1;1;1;1;1;1;1;1;1;1;1;1;1;1
2448035;1;01/07/1985;1;8,4;15,2;6;2;1;1;1;;;0;0;0;6,8;0;8,4;0;0;0;0;0;0;0;0;0;0;0;0;0;0;0;0;0;0;0;0;0;0;0;0;0;1;1;1;1;1;1;1;1;1;1;1;1;1;1;1;1;1;1;1;1;1;1;1;1;1;1;1;1;1;1;1
2448035;1;01/06/1985;1;13,2;13,2;3;1;1;1;1;;;0;0;13,2;0;0;0;0;0;0;0;0;0;0;0;0;0;0;0;0;0;0;0;0;0;0;0;0;0;0;0;;1;1;1;1;1;1;1;1;1;1;1;1;1;1;1;1;1;1;1;1;1;1;1;1;1;1;1;1;1;1;0
2448035;1;01/05/1985;1;15,6;36,4;20;6;1;1;1;;;0;0;1,6;0;0;0;0;0;0;0;0;0;0;0;0;0;0;0;0;15,6;5,2;0,2;8,6;0;0;0;0;0;5,2;0;0;1;1;1;1;1;1;1;1;1;1;1;1;1;1;1;1;1;1;1;1;1;1;1;1;1;1;1;1;1;1;1
2448035;1;01/04/1985;1;30,2;74,4;17;6;1;1;1;;;0;0;0;0;6,2;0;0;10,2;0;0;0;0;0;0;0;2;30,2;0;0;0;0;0;0;0;0;0;5,8;0;0;20;;1;1;1;1;1;1;1;1;1;1;1;1;1;1;1;1;1;1;1;1;1;1;1;1;1;1;1;1;1;1;0
2448035;1;01/03/1985;1;41,6;154,4;28;11;1;1;1;;;0;0;5,2;0;0,2;0;0;0;6,2;0;22,2;0;0;0;0;21,2;0;0;0;0;1,8;2,2;17;0;17,6;0;0;41,6;19,2;0;0;1;1;1;1;1;1;1;1;1;1;1;1;1;1;1;1;1;1;1;1;1;1;1;1;1;1;1;1;1;1;1
2448035;1;01/02/1985;1;31,8;130,8;15;10;1;1;1;;;0;0;25,8;0;0;0;0;0;6,8;0;15,2;0;0;0;31,8;2,8;11;0;16,2;0;0;0;8,2;0;8,6;0;4,4;0;;;;1;1;1;1;1;1;1;1;1;1;1;1;1;1;1;1;1;1;1;1;1;1;1;1;1;1;1;1;0;;
2448035;1;01/01/1985;1;25,2;61,6;5;5;1;1;1;;;0;0;0;0;25,2;13,6;8,4;0;0;0;0;0;0;0;0;0;0;0;6,2;0;0;0;8,2;0;0;0;0;0;0;0;0;1;1;1;1;1;1;1;1;1;1;1;1;1;1;1;1;1;1;1;1;1;1;1;1;1;1;1;1;1;1;1
2448035;1;01/12/1984;1;47,6;184,4;7;11;1;1;1;;;16,8;5,6;0;0;0;0;47,6;12,8;0;0;0;13,2;25,6;26,4;4,6;0;0;0;0,6;0;0;0;0;0;0;0;0;0;0;15,6;15,6;1;1;1;1;1;1;1;1;1;1;1;1;1;1;1;1;1;1;1;1;1;1;1;1;1;1;1;1;1;1;1
2448035;1;01/11/1984;1;24,8;133,8;11;14;1;1;1;;;0;0;22,8;5,6;5,8;0,2;0;0;3,6;0;24,8;17,2;1,4;0;0;0;0;0;0,2;5,4;9,6;0;0,4;0;24,2;12,6;0;0;0;0;;1;1;1;1;1;1;1;1;1;1;1;1;1;1;1;1;1;1;1;1;1;1;1;1;1;1;1;1;1;1;0
2448035;1;01/10/1984;1;14,2;36,2;31;3;1;1;1;;;0;0;0;0;0;0;0;0;9,2;0;0;0;0;0;0;0;0;12,8;0;0;0;0;0;0;0;0;0;0;0;0;14,2;1;1;1;1;1;1;1;1;1;1;1;1;1;1;1;1;1;1;1;1;1;1;1;1;1;1;1;1;1;1;1
2448035;1;01/09/1984;1;56,8;138,4;26;7;1;1;1;;;0;0;0;0;0;0;0;1,6;0;0;0;0;0;0;0;0;0;0;0;50,2;0;4;0;0;6,8;56,8;0,8;18,2;0;0;;1;1;1;1;1;1;1;1;1;1;1;1;1;1;1;1;1;1;1;1;1;1;1;1;1;1;1;1;1;1;0
2448035;1;01/08/1984;1;32,2;152;4;11;1;1;1;;;0;0;20,4;32,2;0;0;0;0;0;0;0;0;0;24,2;0,6;12;6,8;0;1,8;0;0;7,8;18;0;27,6;0;0;0,6;0;0;0;1;1;1;1;1;1;1;1;1;1;1;1;1;1;1;1;1;1;1;1;1;1;1;1;1;1;1;1;1;1;1
2448035;1;01/07/1984;1;26,2;40;7;2;1;1;1;;;0;0;0;13,8;0;0;26,2;0;0;0;0;0;0;0;0;0;0;0;0;0;0;0;0;0;0;0;0;0;0;0;0;1;1;1;1;1;1;1;1;1;1;1;1;1;1;1;1;1;1;1;1;1;1;1;1;1;1;1;1;1;1;1
2448035;1;01/06/1984;1;27,4;69;18;5;1;1;1;;;0;0;0;0;0;0;0;0;0;0;0;0;0;6,8;0;24,2;0;27,4;0;0;0;0;0;6,4;0;0;0;0;4,2;0;;1;1;1;1;1;1;1;1;1;1;1;1;1;1;1;1;1;1;1;1;1;1;1;1;1;1;1;1;1;1;0
2448035;1;01/05/1984;1;44;123,6;12;9;1;1;1;;;18,2;0;0;0;0;6;0;0;0;0;8,4;44;4,6;0;0;12;0;23,4;0;6,2;0;0;0;0;0;0;0;0;0;0,8;0;1;1;1;1;1;1;1;1;1;1;1;1;1;1;1;1;1;1;1;1;1;1;1;1;1;1;1;1;1;1;1
2448035;1;01/04/1984;1;18,8;66,4;18;7;1;1;1;;;0;0;2,8;0;0;0;0;0;0;0;18,4;0;0;0;4,4;0;0;18,8;0;0;0;0;0;11,8;5,6;0;0;0;0;4,6;;1;1;1;1;1;1;1;1;1;1;1;1;1;1;1;1;1;1;1;1;1;1;1;1;1;1;1;1;1;1;0
2448035;1;01/03/1984;1;20,8;66;5;9;1;1;1;;;0;0;0;0;20,8;4,4;0;2;0;0;0;0,6;0;9,6;0;0;0;0;0,2;0;6,4;0;0;0;0;2,6;0;0;19,4;0;0;1;1;1;1;1;1;1;1;1;1;1;1;1;1;1;1;1;1;1;1;1;1;1;1;1;1;1;1;1;1;1
2448035;1;01/02/1984;1;34,8;116,2;27;8;1;1;1;;;0;0;19,4;0;8,2;0;16,2;5,6;0;0;0;0;0;0;8,2;0;0;0;11;0;0;0;0;0;0;0;34,8;0;12,8;;;1;1;1;1;1;1;1;1;1;1;1;1;1;1;1;1;1;1;1;1;1;1;1;1;1;1;1;1;1;0;
2448035;1;01/01/1984;1;39,8;147;27;11;1;1;1;;;0;0;0;8,6;6;0;12,2;0;0;0;0;0;0;0;0;0;26,4;0;0;0;19,6;0;8,6;0;2,4;0;39,8;0,2;6,2;0;17;1;1;1;1;1;1;1;1;1;1;1;1;1;1;1;1;1;1;1;1;1;1;1;1;1;1;1;1;1;1;1
2448035;1;01/12/1983;1;18,6;110,4;29;14;1;1;1;;;0;8,2;0;0;0;0;2;0;0;0,2;0;0;0;2,2;8,2;0;0;13;0;8,4;0;9,2;15,2;0;0;4,4;0;7,4;18,6;10,8;2,6;1;1;1;1;1;1;1;1;1;1;1;1;1;1;1;1;1;1;1;1;1;1;1;1;1;1;1;1;1;1;1
2448035;1;01/11/1983;1;39,6;88,2;12;8;1;1;1;;;16,8;11,2;0;1,2;0;0;0;0;0;0;11,8;39,6;1,2;0;0;0;0;0;0;0;0;0;6;0;0;0;0;0,4;0;0;;1;1;1;1;1;1;1;1;1;1;1;1;1;1;1;1;1;1;1;1;1;1;1;1;1;1;1;1;1;1;0
2448035;1;01/10/1983;1;36;57,8;19;6;1;1;1;;;0;0;0;0;0;0;0;0;0;1,2;0;0;0;0;9,6;0;0;0;36;0;6;0;0;0;0,8;0;0;0;4,2;0;0;1;1;1;1;1;1;1;1;1;1;1;1;1;1;1;1;1;1;1;1;1;1;1;1;1;1;1;1;1;1;1
2448035;1;01/09/1983;1;44,6;201,6;18;17;1;1;1;;;0;0,2;0;12,4;11,2;18,6;2,2;16,2;0;0;0,2;6,8;2,6;0;0;20;25,2;44,6;4;0;0;6,2;25,8;1,6;0;0;0;0;0;3,8;;1;1;1;1;1;1;1;1;1;1;1;1;1;1;1;1;1;1;1;1;1;1;1;1;1;1;1;1;1;1;0
2448035;1;01/08/1983;1;1,4;1,4;3;1;1;1;1;;;0;0;1,4;0;0;0;0;0;0;0;0;0;0;0;0;0;0;0;0;0;0;0;0;0;0;0;0;0;0;0;0;1;1;1;1;1;1;1;1;1;1;1;1;1;1;1;1;1;1;1;1;1;1;1;1;1;1;1;1;1;1;1
2448035;1;01/07/1983;1;25,2;68,2;6;8;1;1;1;;;0;0;6,2;0;0;25,2;17,6;2,4;8,2;0;0;1,8;0;0;0;0;0;0;5,6;0;0;0;0;0;0;1,2;0;0;0;0;0;1;1;1;1;1;1;1;1;1;1;1;1;1;1;1;1;1;1;1;1;1;1;1;1;1;1;1;1;1;1;1
2448035;1;01/06/1983;1;50,2;312,8;12;16;1;1;1;;;0;8,2;12;0;22;24;14,8;0;42,2;0;22;50,2;15,4;0,2;0;0;0;0;0;0;0;0;25,6;15,4;26;12,6;9;13,2;0;0;;1;1;1;1;1;1;1;1;1;1;1;1;1;1;1;1;1;1;1;1;1;1;1;1;1;1;1;1;1;1;0
2448035;1;01/05/1983;1;54;254,2;28;16;1;1;1;;;0,2;0;0;0;0;0;2;0;0,4;0;0,6;0;0,8;13,2;2,8;0;0;0;34,2;53,2;0;0;16;0,4;2,2;0;0;54;13,2;37,6;23,4;1;1;1;1;1;1;1;1;1;1;1;1;1;1;1;1;1;1;1;1;1;1;1;1;1;1;1;1;1;1;1
2448035;1;01/04/1983;1;37,4;165,4;5;9;1;1;1;;;0;0;0;25,8;37,4;13,2;0;0;0;0;0;0;0;6,2;1,2;0;0;0;33,6;0;0;0;19,6;9,2;19,2;0;0;0;0;0;;1;1;1;1;1;1;1;1;1;1;1;1;1;1;1;1;1;1;1;1;1;1;1;1;1;1;1;1;1;1;0
2448035;1;01/03/1983;1;25,2;114,2;1;14;1;1;1;;;25,2;0,2;13,6;1,2;0;18,2;0;0;0;0,6;0;4,8;0;0;0;1,6;0;12,2;15;0;0;0;0;10,2;4,6;0,2;0;6,6;0;0;0;1;1;1;1;1;1;1;1;1;1;1;1;1;1;1;1;1;1;1;1;1;1;1;1;1;1;1;1;1;1;1
2448035;1;01/02/1983;1;20,4;120,2;9;13;1;1;1;;;9;0;0;0;0;0;8,2;0;20,4;0;0;12;18,2;0;0;8,2;0;0;0,6;12,2;0,2;6,8;0;2,8;0;7,2;14,4;0;;;;1;1;1;1;1;1;1;1;1;1;1;1;1;1;1;1;1;1;1;1;1;1;1;1;1;1;1;1;0;;
2448035;1;01/01/1983;1;20,4;116,6;26;17;1;1;1;;;15,2;0;0;0;8,6;0;7;0;8,2;0;0;6,2;0,2;0,4;0,2;7,2;13,4;0;0;0;4,2;0;6;0,6;0,2;20,4;0;0;0;18;0,6;1;1;1;1;1;1;1;1;1;1;1;1;1;1;1;1;1;1;1;1;1;1;1;1;1;1;1;1;1;1;1
2448035;1;01/12/1982;1;46;172,8;12;15;1;1;1;;;0;12,8;0;4,2;0;0;0;0;2,4;0;0;46;6,2;0;0;2,6;0;13,4;18,6;19,2;16,4;9,2;6;0;0;0;0;6,8;8,6;0;0,4;1;1;1;1;1;1;1;1;1;1;1;1;1;1;1;1;1;1;1;1;1;1;1;1;1;1;1;1;1;1;1
2448035;1;01/11/1982;1;43,6;172,6;15;15;1;1;1;;;0;0;12,4;0;2,4;0;6;0;0;2,4;0;0;8,6;25,2;43,6;0;0;4,8;0;0;5,2;8,4;13,2;4;0;0;12,2;0,4;23,8;0;;1;1;1;1;1;1;1;1;1;1;1;1;1;1;1;1;1;1;1;1;1;1;1;1;1;1;1;1;1;1;0
2448035;1;01/10/1982;1;26,4;124,4;18;13;1;1;1;;;0;25,4;0;0,6;0;2;0;13,2;0;15,2;0;0;0;0;4,2;0;0;26,4;0;8,4;0,4;0;2,8;0;0;0;13,2;12,4;0,2;0;0;1;1;1;1;1;1;1;1;1;1;1;1;1;1;1;1;1;1;1;1;1;1;1;1;1;1;1;1;1;1;1
2448035;1;01/09/1982;1;37;49,6;30;3;1;1;1;;;0;0;0;0;8,4;0;0;0;0;0;0;4,2;0;0;0;0;0;0;0;0;0;0;0;0;0;0;0;0;0;37;;1;1;1;1;1;1;1;1;1;1;1;1;1;1;1;1;1;1;1;1;1;1;1;1;1;1;1;1;1;1;0
2448035;1;01/08/1982;1;23,2;40,4;5;3;1;1;1;;;0;0;0;0;23,2;0;0;0;0;13;0;0;0;0;0;0;0;0;0;0;0;0;0;0;0;0;0;0;0;4,2;0;1;1;1;1;1;1;1;1;1;1;1;1;1;1;1;1;1;1;1;1;1;1;1;1;1;1;1;1;1;1;1
2448035;1;01/07/1982;1;59;148;10;8;1;1;1;;;5,6;0;0;0;0;0;0;0;6,6;59;29,6;2,4;12,2;0;0;0;0;28,2;0;0;0;0;0;0;0;0;0;0;4,4;0;0;1;1;1;1;1;1;1;1;1;1;1;1;1;1;1;1;1;1;1;1;1;1;1;1;1;1;1;1;1;1;1
2448035;1;01/06/1982;1;63;176,6;26;13;1;1;1;;;0;0;0;0;0;3,6;0;0;0;0;2;0;13,6;0;12,2;8,4;0;0;0;4,6;0;6;0;17,2;6,8;63;3,2;0;14,8;21,2;;1;1;1;1;1;1;1;1;1;1;1;1;1;1;1;1;1;1;1;1;1;1;1;1;1;1;1;1;1;1;0
2448035;1;01/05/1982;1;38,6;80;25;8;1;1;1;;;2;0;0;2,2;0,4;0;0;0;0;2;0;0;0;0;0;0;0;0;0;7,2;0;0;0;27,4;38,6;0;0,2;0;0;0;0;1;1;1;1;1;1;1;1;1;1;1;1;1;1;1;1;1;1;1;1;1;1;1;1;1;1;1;1;1;1;1
2448035;1;01/04/1982;1;16,2;41;5;5;1;1;1;;;3,2;0;0;0;16,2;0;0;2,4;0;0;0;0;0;0;4;0;0;0;0;0;0;0;0;0;0;0;0;0;15,2;0;;1;1;1;1;1;1;1;1;1;1;1;1;1;1;1;1;1;1;1;1;1;1;1;1;1;1;1;1;1;1;0
2448035;1;01/03/1982;1;34,2;150,2;19;15;1;1;1;;;0;0;0;0;0;0;0;0;0;6,2;12,8;2,4;11,4;0;10,6;0,2;0;4,2;34,2;0;0;4,2;0;16;0;13,2;0,4;0;2;16,4;16;1;1;1;1;1;1;1;1;1;1;1;1;1;1;1;1;1;1;1;1;1;1;1;1;1;1;1;1;1;1;1
2448035;1;01/02/1982;1;44,6;155,6;5;11;1;1;1;;;0;4,8;0;0,8;44,6;0;6;0;0;19,8;0;0;0;8;0;0;0;15,2;0;0;0;4,8;14,8;16,2;20,6;0;0;0;;;;1;1;1;1;1;1;1;1;1;1;1;1;1;1;1;1;1;1;1;1;1;1;1;1;1;1;1;1;0;;
2448035;1;01/01/1982;1;44,4;56,2;24;7;1;1;1;;;0;2,6;0;3,6;0;0;0;0;0;0;0;0;0;0;0;0;4,2;0,4;0;0;0;0;0,6;44,4;0;0;0;0;0;0,4;0;1;1;1;1;1;1;1;1;1;1;1;1;1;1;1;1;1;1;1;1;1;1;1;1;1;1;1;1;1;1;1
2448035;1;01/12/1981;1;30,2;128,6;10;12;1;1;1;;;0;17,6;0;0;0;21,4;0,4;0,4;5,8;30,2;0;15,2;0;10,6;0;2,2;0;0;0;0;0;0;6,2;0;0;0;8,6;0;0;10;0;1;1;1;1;1;1;1;1;1;1;1;1;1;1;1;1;1;1;1;1;1;1;1;1;1;1;1;1;1;1;1
2448035;1;01/11/1981;1;25,8;89,4;10;8;1;1;1;;;0;0;0;0;0;0;0;0;19,4;25,8;0;1,6;0;2,8;10,2;7,8;0;0;14,4;0;0;0;0;0;0;0;0;0;0;7,4;;1;1;1;1;1;1;1;1;1;1;1;1;1;1;1;1;1;1;1;1;1;1;1;1;1;1;1;1;1;1;0
2448035;1;01/10/1981;1;25;92,4;20;15;1;1;1;;;0;0;0;4,2;2,8;6,2;0,4;0;2,8;0;1,6;0;0;4,6;12,2;9,2;0;0;0,8;25;0,4;0;0;0;0;0;0;19,2;0;1,4;1,6;1;1;1;1;1;1;1;1;1;1;1;1;1;1;1;1;1;1;1;1;1;1;1;1;1;1;1;1;1;1;1
2448035;1;01/09/1981;1;19,2;36,4;26;5;1;1;1;;;0;0;0;2,2;0;0;0;0;0;0;0;0;0;0;0;0;0;0;0;0;2,4;0;0;4,2;0;19,2;0;0;0;8,4;;1;1;1;1;1;1;1;1;1;1;1;1;1;1;1;1;1;1;1;1;1;1;1;1;1;1;1;1;1;1;0
2448035;1;01/08/1981;1;20,2;33,8;9;4;1;1;1;;;0;0;0;0;0;0;0;0;20,2;0;0;4;9,4;0;0;0;0;0;0;0;0;0;0;0;0;0;0;0;0;0;0,2;1;1;1;1;1;1;1;1;1;1;1;1;1;1;1;1;1;1;1;1;1;1;1;1;1;1;1;1;1;1;1
2448035;1;01/07/1981;1;26,2;79;3;9;1;1;1;;;0;0;26,2;0;0;5,6;0,2;1,2;0;0;0;0;0;0;0;0;0;0;2,2;20,6;0;0;0;3,2;9,2;10,6;0;0;0;0;0;1;1;1;1;1;1;1;1;1;1;1;1;1;1;1;1;1;1;1;1;1;1;1;1;1;1;1;1;1;1;1
2448035;1;01/06/1981;1;20,8;39,4;7;6;1;1;1;;;0;0;0,6;1;0;0;20,8;1,8;0;0;0;0;3,4;0;0;11,8;0;0;0;0;0;0;0;0;0;0;0;0;0;0;;1;1;1;1;1;1;1;1;1;1;1;1;1;1;1;1;1;1;1;1;1;1;1;1;1;1;1;1;1;1;0
2448035;1;01/05/1981;1;18,8;36,2;4;5;1;1;1;;;0;0;0;18,8;0;0;0;0;0;0;0;0;0;0;0;0;2,4;3,2;0;0;0;0;9,8;0;0;0;0;0;2;0;0;1;1;1;1;1;1;1;1;1;1;1;1;1;1;1;1;1;1;1;1;1;1;1;1;1;1;1;1;1;1;1
2448035;1;01/04/1981;1;38,2;67,8;27;6;1;1;1;;;0;0;0;0;0;0;0;0;0;0;0;0;0;0;0;17,2;0,4;0,6;0;0;0;0;0;0;0;4,2;38,2;0;0;7,2;;1;1;1;1;1;1;1;1;1;1;1;1;1;1;1;1;1;1;1;1;1;1;1;1;1;1;1;1;1;1;0
2448035;1;01/03/1981;1;29,8;92;17;11;1;1;1;;;0;4,2;0;5,4;0;0;0;0;0,8;0;0;0;0;0;0;7,2;29,8;0,2;0,6;0,4;0;0;0;0;0;0;0;29,2;13,6;0,6;0;1;1;1;1;1;1;1;1;1;1;1;1;1;1;1;1;1;1;1;1;1;1;1;1;1;1;1;1;1;1;1
2448035;1;01/02/1981;1;64,2;130,6;21;9;1;1;1;;;0;0;0;0,2;15,6;0;0;0;2,8;0;0;0;0;0;22,8;0;0;0;6,8;0;64,2;16,8;0,6;0,8;0;0;0;0;;;;1;1;1;1;1;1;1;1;1;1;1;1;1;1;1;1;1;1;1;1;1;1;1;1;1;1;1;1;0;;
2448035;1;01/01/1981;1;42,4;202,6;5;20;1;1;1;;;0;0;0;0;42,4;8,6;13,4;1,6;0;23,6;9,8;19,4;0,8;0;4,2;0,4;0,6;8,2;15;2,4;15,6;0,6;0;0;1,2;1;4,2;0;0;0;29,6;1;1;1;1;1;1;1;1;1;1;1;1;1;1;1;1;1;1;1;1;1;1;1;1;1;1;1;1;1;1;1
2448035;1;01/12/1980;1;46,4;204,8;23;17;1;1;1;;;2,6;0,2;3,4;4;19,8;8,2;0;24;0;0;12,6;10,2;0;0;0;0;19,8;0;2,2;7,6;28,8;0;46,4;0;0;0;0,4;0;6,2;8,4;0;1;1;1;1;1;1;1;1;1;1;1;1;1;1;1;1;1;1;1;1;1;1;1;1;1;1;1;1;1;1;1
2448035;1;01/11/1980;1;39;83,6;30;7;1;1;1;;;0;0;0;0;0;0;3,6;0,4;10,2;0;5,4;0,8;0;0;0;0;0;0;0;0;0;0;0;24,2;0;0;0;0;0;39;;1;1;1;1;1;1;1;1;1;1;1;1;1;1;1;1;1;1;1;1;1;1;1;1;1;1;1;1;1;1;0
2448035;1;01/10/1980;1;36,8;75,4;28;8;1;1;1;;;0;0;0;0;0;0;0;4,4;0;0;0;0;0;3,8;0;1,4;0;0;0;4,6;0;0;2,8;0;0;0;0;36,8;0;17,8;3,8;1;1;1;1;1;1;1;1;1;1;1;1;1;1;1;1;1;1;1;1;1;1;1;1;1;1;1;1;1;1;1
2448035;1;01/09/1980;1;25;104,6;10;10;1;1;1;;;0;0;8,6;0;0;0;0;0;16,4;25;0;0;0;0;2,4;6,2;0;4,2;7,4;2,2;20,2;0;0;0;0;0;0;0;12;0;;1;1;1;1;1;1;1;1;1;1;1;1;1;1;1;1;1;1;1;1;1;1;1;1;1;1;1;1;1;1;0
2448035;1;01/08/1980;1;37;113,4;21;11;1;1;1;;;0;0;0;0;0;7,8;0;0;7,6;0,6;0;5,4;0;0;16;0;1,2;0;0;2,8;37;0;2,4;0;25,8;6,8;0;0;0;0;0;1;1;1;1;1;1;1;1;1;1;1;1;1;1;1;1;1;1;1;1;1;1;1;1;1;1;1;1;1;1;1
2448035;1;01/07/1980;1;56,4;120,6;10;6;1;1;1;;;0;10,2;9,8;0;0;0;0;0;0;56,4;0;0;0;0;0;0;0;0;0;0;2,4;0;0;0;0;0;7,2;0;0;0;34,6;1;1;1;1;1;1;1;1;1;1;1;1;1;1;1;1;1;1;1;1;1;1;1;1;1;1;1;1;1;1;1
2448035;1;01/06/1980;1;15,4;41,2;25;7;1;1;1;;;0;5,8;9,2;0;0;0;0;0;0;0;0;0;1,8;0;0;0;0;0;0;2,6;0;4,8;1,6;0;15,4;0;0;0;0;0;;1;1;1;1;1;1;1;1;1;1;1;1;1;1;1;1;1;1;1;1;1;1;1;1;1;1;1;1;1;1;0
2448035;1;01/05/1980;1;;;;;0;0;0;;;0;0;0;1,2;0;0;0;0,3;0;0;6,8;0;0;0;0;0;0;0;0;0;1,2;0;1,3;;;;;;;;;1;1;1;1;1;1;1;1;1;1;1;1;1;1;1;1;1;1;1;1;1;1;1;;;;;;;;
2448035;1;01/04/1980;1;33,4;62;15;4;1;1;1;;;0;0;4,2;0;6,2;0;0;0;0;0;0;0;18,2;0;33,4;0;0;0;0;0;0;0;0;0;0;0;0;0;0;0;;1;1;1;1;1;1;1;1;1;1;1;1;1;1;1;1;1;1;1;1;1;1;1;1;1;1;1;1;1;1;0
2448035;1;01/03/1980;1;49,6;125,8;10;9;1;1;1;;;24;0,4;0;0;0;0;0;0;0;49,6;0;0;0;6,8;19,4;0;13,4;0,2;0;0;0;0;0;0;0;0;0;0;7,8;0;4,2;1;1;1;1;1;1;1;1;1;1;1;1;1;1;1;1;1;1;1;1;1;1;1;1;1;1;1;1;1;1;1
2448035;1;01/02/1980;1;25,6;66,5;15;6;1;1;1;;;0;0;0;0;0;0;2,1;0;0;2,2;0;3,2;0;25,2;25,6;0;0;0;0;0;0;0;0;0;0;0;8,2;0;0;;;1;1;1;1;1;1;1;1;1;1;1;1;1;1;1;1;1;1;1;1;1;1;1;1;1;1;1;1;1;0;
2448035;1;01/01/1980;1;65,2;290,2;10;15;1;1;1;;;0;0;0;5,6;0;0;7,2;0;9;65,2;32,4;7,4;6,2;0;0;4,6;0;0;3,2;0;32;0;5,2;53,4;1,8;54,8;2,2;0;0;0;0;1;1;1;1;1;1;1;1;1;1;1;1;1;1;1;1;1;1;1;1;1;1;1;1;1;1;1;1;1;1;1
2448035;1;01/12/1979;1;28;67,8;10;7;1;1;1;;;0;9;0,2;3;0;0;0;0;0;28;8,4;0;0;0;0;0;0;16;0;0;0;0;0;0;0;0;0;0;0;0;3,2;1;1;1;1;1;1;1;1;1;1;1;1;1;1;1;1;1;1;1;1;1;1;1;1;1;1;1;1;1;1;1
2448035;1;01/11/1979;1;34,6;102,5;7;8;1;1;1;;;0;2,5;0;0;0;0;34,6;9,8;1;0;9,6;0;0;0;0;5,8;0;0;0;0;0;0;12,6;0;26,6;0;0;0;0;0;;1;1;1;1;1;1;1;1;1;1;1;1;1;1;1;1;1;1;1;1;1;1;1;1;1;1;1;1;1;1;0
2448035;1;01/10/1979;1;49,8;184;7;14;1;1;1;;;25,4;3,4;0,2;0;0,8;20,4;49,8;20;1,2;0;0;0;0;5,4;0,8;0;0;0;0;0;0;0;0;0;0,2;0;0;0;13,6;7,2;35,6;1;1;1;1;1;1;1;1;1;1;1;1;1;1;1;1;1;1;1;1;1;1;1;1;1;1;1;1;1;1;1
2448035;1;01/09/1979;1;32,8;100;11;9;1;1;1;;;0;5,8;10,4;0;0;0;0,8;0;0;3;32,8;8,8;0;0;0;0;0;7,8;4,8;0;0;25,8;0;0;0;0;0;0;0;0;;1;1;1;1;1;1;1;1;1;1;1;1;1;1;1;1;1;1;1;1;1;1;1;1;1;1;1;1;1;1;0
2448035;1;01/08/1979;1;22;63,8;18;8;1;1;1;;;0;0;0;0,2;0;0;0;0;0;0;0;6;17,2;0;7,2;0;0;22;0;0,6;0,2;0;0;0;0;10,4;0;0;0;0;0;1;1;1;1;1;1;1;1;1;1;1;1;1;1;1;1;1;1;1;1;1;1;1;1;1;1;1;1;1;1;1
2448035;1;01/07/1979;1;13;47;9;7;1;1;1;;;0;0;5;0;0;0;0;0;13;9,8;0;0;0;0;0;0;0,2;0;0;9,8;0;0;0;0;3;6,2;0;0;0;0;0;1;1;1;1;1;1;1;1;1;1;1;1;1;1;1;1;1;1;1;1;1;1;1;1;1;1;1;1;1;1;1
2448035;1;01/06/1979;1;8,2;17,9;14;5;1;1;1;;;0;0;0;0,1;0;0;0;0,6;0;0;0;0;7;8,2;0;0;0;0;0;0;0;0;0;0;0;2;0;0;0;0;;1;1;1;1;1;1;1;1;1;1;1;1;1;1;1;1;1;1;1;1;1;1;1;1;1;1;1;1;1;1;0
2448035;1;01/05/1979;1;39,6;180;14;12;1;1;1;;;0;0;0,8;32,2;13,2;0;9,2;17,2;18,6;0;0,4;0;28,6;39,6;0;0;0;0;0;0;0;0;1,6;5,8;0;0;0;0;0;12,8;0;1;1;1;1;1;1;1;1;1;1;1;1;1;1;1;1;1;1;1;1;1;1;1;1;1;1;1;1;1;1;1
2448035;1;01/04/1979;1;17,8;65,2;5;13;1;1;1;;;0;2;3,8;9,6;17,8;6,2;0;0;2,4;0;0;3,4;0;2;0;0;0;0;3,2;8,8;0;0;0;1,2;0;1,4;0;0;0;3,4;;1;1;1;1;1;1;1;1;1;1;1;1;1;1;1;1;1;1;1;1;1;1;1;1;1;1;1;1;1;1;0
2448035;1;01/03/1979;1;61,8;148,6;10;10;1;1;1;;;0;2;0;0;0;0;0;0;0;61,8;41,4;17,8;0;8,6;0,4;0;0;2,8;0;0;0;0;0;1,6;9;0;0;0;0;0;3,2;1;1;1;1;1;1;1;1;1;1;1;1;1;1;1;1;1;1;1;1;1;1;1;1;1;1;1;1;1;1;1
2448035;1;01/02/1979;1;39,8;178,3;5;12;1;1;1;;;0;0;4,3;0;39,8;0;0;0;30,8;0;0;0;5,6;39,4;0;0;0;0;0,6;0;0,4;0;4,6;20,2;3;17,2;12,4;0;;;;1;1;1;1;1;1;1;1;1;1;1;1;1;1;1;1;1;1;1;1;1;1;1;1;1;1;1;1;0;;
2448035;1;01/01/1979;1;21,8;95,4;27;10;1;1;1;;;17,4;19,6;0,2;10;1,2;0;0,8;0;0;0;0;0;0,8;0;0;0;0;0;0;0;0;0;0;0;0;14,4;21,8;0;9,2;0;0;1;1;1;1;1;1;1;1;1;1;1;1;1;1;1;1;1;1;1;1;1;1;1;1;1;1;1;1;1;1;1
2448035;1;01/12/1978;1;44;120,4;27;7;1;1;1;;;0;0;0;0;1,2;0;21,2;0;0;0;0;0;0;0;12,8;17,2;3,4;0;0;0;0;0;0;0;0;20,6;44;0;0;0;0;1;1;1;1;1;1;1;1;1;1;1;1;1;1;1;1;1;1;1;1;1;1;1;1;1;1;1;1;1;1;1
2448035;1;01/11/1978;1;50,8;161,3;5;8;1;1;1;;;0;0;0;0,4;50,8;0;0;50,5;0;0;0;0;0;0;0;0;0;0;0;15;15,8;0;0;18,6;0,4;9,8;0;0;0;0;;1;1;1;1;1;1;1;1;1;1;1;1;1;1;1;1;1;1;1;1;1;1;1;1;1;1;1;1;1;1;0
2448035;1;01/10/1978;1;21,8;66,6;20;7;1;1;1;;;0;0;0;0;0;0;0;0;0;16,4;0;0;0;0;3,2;0;0;5;0;21,8;1,8;0;0;0;0;0;0;17,2;1,2;0;0;1;1;1;1;1;1;1;1;1;1;1;1;1;1;1;1;1;1;1;1;1;1;1;1;1;1;1;1;1;1;1
2448035;1;01/09/1978;1;40,2;111,5;5;9;1;1;1;;;1,2;1,8;18,8;11;40,2;4;8,1;5,8;0;0;0;0;0;20,6;0;0;0;0;0;0;0;0;0;0;0;0;0;0;0;0;;1;1;1;1;1;1;1;1;1;1;1;1;1;1;1;1;1;1;1;1;1;1;1;1;1;1;1;1;1;1;0
2448035;1;01/08/1978;1;24;82,4;15;7;1;1;1;;;0;0;0;0;0;0;0;0;0;0;0;0;0;0;24;12;0;0;0;1,8;11,4;12,6;0;12,6;0;0;0;0;0;8;0;1;1;1;1;1;1;1;1;1;1;1;1;1;1;1;1;1;1;1;1;1;1;1;1;1;1;1;1;1;1;1
2448035;1;01/07/1978;1;50,7;115,1;23;6;1;1;1;;;0;0;0;0;0;0;0;0;0;0;0;0;0;0;0;0;14,4;24,6;0;18,8;5,4;1,2;50,7;0;0;0;0;0;0;0;0;1;1;1;1;1;1;1;1;1;1;1;1;1;1;1;1;1;1;1;1;1;1;1;1;1;1;1;1;1;1;1
2448035;1;01/06/1978;1;32,8;48;8;3;1;1;1;;;0;0;0;0;0;0;0;32,8;10,4;0;0;0;0;0;0;0;0;0;0;0;4,8;0;0;0;0;0;0;0;0;0;;1;1;1;1;1;1;1;1;1;1;1;1;1;1;1;1;1;1;1;1;1;1;1;1;1;1;1;1;1;1;0
2448035;1;01/05/1978;1;32,8;57;16;7;1;1;1;;;2,8;0;0;0;0;0;0;0;0;0;0;0;0;0;0;32,8;2,6;2,2;0;15,2;1,2;0;0;0,2;0;0;0;0;0;0;0;1;1;1;1;1;1;1;1;1;1;1;1;1;1;1;1;1;1;1;1;1;1;1;1;1;1;1;1;1;1;1
2448035;1;01/04/1978;1;2,4;2,4;7;1;1;1;1;;;0;0;0;0;0;0;2,4;0;0;0;0;0;0;0;0;0;0;0;0;0;0;0;0;0;0;0;0;0;0;0;;1;1;1;1;1;1;1;1;1;1;1;1;1;1;1;1;1;1;1;1;1;1;1;1;1;1;1;1;1;1;0
2448035;1;01/03/1978;1;38,2;125,8;3;9;1;1;1;;;0;10,8;38,2;16,4;2,2;0;2,2;0;0;13,4;15,6;16,8;10,2;0;0;0;0;0;0;0;0;0;0;0;0;0;0;0;0;0;0;1;1;1;1;1;1;1;1;1;1;1;1;1;1;1;1;1;1;1;1;1;1;1;1;1;1;1;1;1;1;1
2448035;1;01/02/1978;1;33,2;129,2;2;8;1;1;1;;;0;33,2;0;0;0;10,8;3,8;0;0;0;0;0;0;28,4;0;13,8;0;0;0;0;10;27,6;1,6;0;0;0;0;0;;;;1;1;1;1;1;1;1;1;1;1;1;1;1;1;1;1;1;1;1;1;1;1;1;1;1;1;1;1;0;;
2448035;1;01/01/1978;1;23,4;92;29;8;1;1;1;;;0;7,8;0;0;0;0;0;0;8,2;0;0;0;0;0;2,6;21,2;0;0;0;0;7,2;13,4;0;0;0;0;0;0;23,4;8,2;0;1;1;1;1;1;1;1;1;1;1;1;1;1;1;1;1;1;1;1;1;1;1;1;1;1;1;1;1;1;1;1
2448035;1;01/12/1977;1;19,8;42,7;6;5;1;1;1;;;0;17,6;0;0;0;19,8;0;0,9;0;0;0;0;0;0;0;0;0;0;0;0;0;0;0,6;3,8;0;0;0;0;0;0;0;1;1;1;1;1;1;1;1;1;1;1;1;1;1;1;1;1;1;1;1;1;1;1;1;1;1;1;1;1;1;1
2448035;1;01/11/1977;1;27,4;50,2;6;8;1;1;1;;;0;0;0;0;0;27,4;0,6;0;0;0;0,8;0,2;0;0;1,6;0;0;5,8;0;0;0;0;13,4;0,4;0;0;0;0;0;0;;1;1;1;1;1;1;1;1;1;1;1;1;1;1;1;1;1;1;1;1;1;1;1;1;1;1;1;1;1;1;0
2448035;1;01/10/1977;1;32,4;81,8;2;9;1;1;1;;;0,8;32,4;0;5,2;2,6;0,4;0;0;0;0;0;0;0;1,2;9,4;0;29,2;0;0;0;0;0;0;0;0;0;0,6;0;0;0;0;1;1;1;1;1;1;1;1;1;1;1;1;1;1;1;1;1;1;1;1;1;1;1;1;1;1;1;1;1;1;1
2448035;1;01/09/1977;1;19,2;47,6;18;5;1;1;1;;;0;5,2;0;0;0;16,2;0;0;0;0;0;0;0;1,8;0;0;0;19,2;5,2;0;0;0;0;0;0;0;0;0;0;0;;1;1;1;1;1;1;1;1;1;1;1;1;1;1;1;1;1;1;1;1;1;1;1;1;1;1;1;1;1;1;0
2448035;1;01/08/1977;1;21,8;21,8;30;1;1;1;1;;;0;0;0;0;0;0;0;0;0;0;0;0;0;0;0;0;0;0;0;0;0;0;0;0;0;0;0;0;0;21,8;0;1;1;1;1;1;1;1;1;1;1;1;1;1;1;1;1;1;1;1;1;1;1;1;1;1;1;1;1;1;1;1
2448035;1;01/07/1977;1;13,8;23;25;2;1;1;1;;;0;0;0;0;0;0;0;0;0;0;0;0;0;0;0;0;0;0;0;0;0;9,2;0;0;13,8;0;0;0;0;0;0;1;1;1;1;1;1;1;1;1;1;1;1;1;1;1;1;1;1;1;1;1;1;1;1;1;1;1;1;1;1;1
2448035;1;01/06/1977;1;17,6;49,6;16;7;1;1;1;;;0;0;0;0;0;2,4;0;0;0;0;0;0;0;0;0,2;17,6;0;0;4,2;0;5,8;9,2;10,2;0;0;0;0;0;0;0;;1;1;1;1;1;1;1;1;1;1;1;1;1;1;1;1;1;1;1;1;1;1;1;1;1;1;1;1;1;1;0
2448035;1;01/05/1977;1;6,2;9;1;2;1;1;1;;;6,2;0;0;0;0;0;0;0;0;0;0;2,8;0;0;0;0;0;0;0;0;0;0;0;0;0;0;0;0;0;0;0;1;1;1;1;1;1;1;1;1;1;1;1;1;1;1;1;1;1;1;1;1;1;1;1;1;1;1;1;1;1;1
2448035;1;01/04/1977;1;25,2;64,4;9;7;1;1;1;;;13,2;0;0;0;8,2;0;0;0;25,2;0;10,6;0;0;0;0,4;0;0;0;0;0;0,2;0;0;0;0;6,6;0;0;0;0;;1;1;1;1;1;1;1;1;1;1;1;1;1;1;1;1;1;1;1;1;1;1;1;1;1;1;1;1;1;1;0
2448035;1;01/03/1977;1;24,4;123,6;7;10;1;1;1;;;17,8;0;0;0;0;0;24,4;0;7,8;0;0;0;0;0;0;0;0;15,4;4,6;8,4;14,2;0;0;0;0;0;0;10,4;5,4;15,2;0;1;1;1;1;1;1;1;1;1;1;1;1;1;1;1;1;1;1;1;1;1;1;1;1;1;1;1;1;1;1;1
2448035;1;01/02/1977;1;25,4;137,4;8;10;1;1;1;;;6,6;15,2;9,8;13,8;18,8;9,6;14,4;25,4;0;5,2;0;18,6;0;0;0;0;0;0;0;0;0;0;0;0;0;0;0;0;;;;1;1;1;1;1;1;1;1;1;1;1;1;1;1;1;1;1;1;1;1;1;1;1;1;1;1;1;1;0;;
2448035;1;01/01/1977;1;75,8;247;18;10;1;1;1;;;0;0;0,2;3,4;29;0;0;0;5,6;0;13,4;0;0;0;0;0;0;75,8;59,2;0;0;0;0;0;0;0;33,8;19,4;7,2;0;0;1;1;1;1;1;1;1;1;1;1;1;1;1;1;1;1;1;1;1;1;1;1;1;1;1;1;1;1;1;1;1
2448035;1;01/12/1976;1;40,2;164,2;5;10;1;1;1;;;1,6;0;0;0;40,2;0;0;24,8;12,4;0;0;0;0;0;0;0;7,2;7,4;0;0;14,8;0;0;21;0;26,4;0;8,4;0;0;0;1;1;1;1;1;1;1;1;1;1;1;1;1;1;1;1;1;1;1;1;1;1;1;1;1;1;1;1;1;1;1
2448035;1;01/11/1976;1;39,6;149,8;14;8;1;1;1;;;0;0;0;30,2;11;23,4;0;0;0;0;0;0;0;39,6;0;0;0;0;0;0;31,2;0;0;0;0;0;13,8;0;0,2;0,4;;1;1;1;1;1;1;1;1;1;1;1;1;1;1;1;1;1;1;1;1;1;1;1;1;1;1;1;1;1;1;0
2448035;1;01/10/1976;1;24,6;113,6;10;8;1;1;1;;;13,8;0;0;0;0;18,2;0;0;15,4;24,6;0;0;0;0;0;0;0;0;16,2;0;0;0;0;0;0,8;15,8;8,8;0;0;0;0;1;1;1;1;1;1;1;1;1;1;1;1;1;1;1;1;1;1;1;1;1;1;1;1;1;1;1;1;1;1;1
2448035;1;01/09/1976;1;31,4;122,2;13;12;1;1;1;;;0;0;0;0;0,2;0;14,6;15;0;0,6;0;17;31,4;2,4;7,6;11,4;0;0;0;0;0;0;11,2;0;0;0;8,2;2,6;0;0;;1;1;1;1;1;1;1;1;1;1;1;1;1;1;1;1;1;1;1;1;1;1;1;1;1;1;1;1;1;1;0
2448035;1;01/08/1976;1;22,6;99;12;10;1;1;1;;;0;0;0;0;22,4;0;0;0;1,4;18;1,4;22,6;6,4;0;0;0;0;4,2;21,4;0,8;0,4;0;0;0;0;0;0;0;0;0;0;1;1;1;1;1;1;1;1;1;1;1;1;1;1;1;1;1;1;1;1;1;1;1;1;1;1;1;1;1;1;1
2448035;1;01/07/1976;1;27;108;8;10;1;1;1;;;0;4,6;11,8;9,2;0;0;7,6;27;7,6;9,6;1;0;0;0;17,2;0;0;0;0;0;0;0;0;0;0;0;12,4;0;0;0;0;1;1;1;1;1;1;1;1;1;1;1;1;1;1;1;1;1;1;1;1;1;1;1;1;1;1;1;1;1;1;1
2448035;1;01/06/1976;1;34,2;56;12;3;1;1;1;;;0;0;0;0;18,2;0;0;0;0;0;0;34,2;0;0;0;0;0;0;0;0;0;0;0;0;0;0;0;0;0;3,6;;1;1;1;1;1;1;1;1;1;1;1;1;1;1;1;1;1;1;1;1;1;1;1;1;1;1;1;1;1;1;0
2448035;1;01/05/1976;1;32,2;106,2;28;9;1;1;1;;;0;0;0;0;0;0;0;0;5,6;0;0;0;0;0;6,2;4,2;5,4;0;0;5,8;0;3,8;0;0;0;0;14,2;32,2;28,8;0;0;1;1;1;1;1;1;1;1;1;1;1;1;1;1;1;1;1;1;1;1;1;1;1;1;1;1;1;1;1;1;1
2448035;1;01/04/1976;1;14,2;44;10;7;1;1;1;;;0;0;0;0;0;0;0;0;0;14,2;6,6;5,8;4,8;2,6;0;0;0;0;0;0;0;3,6;6,4;0;0;0;0;0;0;0;;1;1;1;1;1;1;1;1;1;1;1;1;1;1;1;1;1;1;1;1;1;1;1;1;1;1;1;1;1;1;0
2448035;1;01/03/1976;1;42,8;199,4;11;12;1;1;1;;;4,4;0;0;11,6;0;0;0;0;0;16,4;42,8;30,2;0;0;0;0;0;37,8;0;28,2;12,6;0,6;0;6,4;0;2,2;0;6,2;0;0;0;1;1;1;1;1;1;1;1;1;1;1;1;1;1;1;1;1;1;1;1;1;1;1;1;1;1;1;1;1;1;1
2448035;1;01/02/1976;1;21,2;69,6;7;12;1;1;1;;;0;0;0;5,6;0;11,2;21,2;1;0;0;0;0;0;0;0;0;3,6;9;4,4;0,4;8,2;1,2;0;0;0;0;1,4;2,4;0;;;1;1;1;1;1;1;1;1;1;1;1;1;1;1;1;1;1;1;1;1;1;1;1;1;1;1;1;1;1;0;
2448035;1;01/01/1976;1;41,2;220,6;4;11;1;1;1;;;0;0;0;41,2;0;0;0;19,8;0;15,8;0;0;20,4;10;0;6,4;27,8;0;0;0;25,8;0;0;0;0;9,4;24,8;19,2;0;0;0;1;1;1;1;1;1;1;1;1;1;1;1;1;1;1;1;1;1;1;1;1;1;1;1;1;1;1;1;1;1;1
2448035;1;01/12/1975;1;42,8;203,2;10;11;1;1;1;;;14,6;0;6,8;0;0;0;0;42,2;0;42,8;0;0;0;6,8;0;2,2;0;0;9,2;0;33,2;2,4;36,2;6,8;0;0;0;0;0;0;0;1;1;1;1;1;1;1;1;1;1;1;1;1;1;1;1;1;1;1;1;1;1;1;1;1;1;1;1;1;1;1
2448035;1;01/11/1975;1;36,8;134,6;18;12;1;1;1;;;10,6;2,4;0;0;0;12,6;0;0;0;13,2;0,2;0;0;0;0;0;0;36,8;0;5,2;5,8;0;1,2;0;14,8;5,6;0;0;0;26,2;;1;1;1;1;1;1;1;1;1;1;1;1;1;1;1;1;1;1;1;1;1;1;1;1;1;1;1;1;1;1;0
2448035;1;01/10/1975;1;30,6;137,1;3;12;1;1;1;;;0;1,2;30,6;8;12,4;4,8;0;4,8;0;0;18,6;0;0;0;0;0;0;0;4,6;4,2;0;0;0;0;0;0;0;21,2;22,5;0;4,2;1;1;1;1;1;1;1;1;1;1;1;1;1;1;1;1;1;1;1;1;1;1;1;1;1;1;1;1;1;1;1
2448035;1;01/09/1975;1;22,8;79;30;10;1;1;1;;;0;0;0;0;0;0;0;0,6;9,8;0;0;0;0;0;0;0;2;0;0;1,8;12,8;4,4;8,4;7,2;0;0;9,2;0;0;22,8;;1;1;1;1;1;1;1;1;1;1;1;1;1;1;1;1;1;1;1;1;1;1;1;1;1;1;1;1;1;1;0
2448035;1;01/08/1975;1;57,6;82,6;7;4;1;1;1;;;0;0;0;0;0;0;57,6;11,8;13;0;0;0;0;0;0;0;0;0;0;0;0;0;0,2;0;0;0;0;0;0;0;0;1;1;1;1;1;1;1;1;1;1;1;1;1;1;1;1;1;1;1;1;1;1;1;1;1;1;1;1;1;1;1
2448035;1;01/07/1975;1;73,6;119,9;16;7;1;1;1;;;0;24,8;0;0;0,4;9,8;0;0;0;0;0;0;0;0;4,6;73,6;4,3;0;0;0;0;0;2,4;0;0;0;0;0;0;0;0;1;1;1;1;1;1;1;1;1;1;1;1;1;1;1;1;1;1;1;1;1;1;1;1;1;1;1;1;1;1;1
2448035;1;01/06/1975;1;25,8;62,4;5;9;1;1;1;;;0;0,8;2,2;0,6;25,8;0;2,2;0;0;0;0;0;0;4,4;0;0,4;1,6;0;0;0;0;0;24,4;0;0;0;0;0;0;0;;1;1;1;1;1;1;1;1;1;1;1;1;1;1;1;1;1;1;1;1;1;1;1;1;1;1;1;1;1;1;0
2448035;1;01/05/1975;1;15,4;39,8;26;5;1;1;1;;;12,8;0;4,2;0;0;0;6,2;0;0;0;0;0;0;0;0;0;1,2;0;0;0;0;0;0;0;0;15,4;0;0;0;0;0;1;1;1;1;1;1;1;1;1;1;1;1;1;1;1;1;1;1;1;1;1;1;1;1;1;1;1;1;1;1;1
2448035;1;01/04/1975;1;6,4;30,4;16;9;1;1;1;;;0;1;0;0;2,4;0;0;0;4,8;0,8;6,2;1,2;0;0;3,8;6,4;0;0;0;3,8;0;0;0;0;0;0;0;0;0;0;;1;1;1;1;1;1;1;1;1;1;1;1;1;1;1;1;1;1;1;1;1;1;1;1;1;1;1;1;1;1;0
2448035;1;01/03/1975;1;54,2;233;21;12;1;1;1;;;1,2;0;18,4;25,8;0,2;0;37,2;7,4;23,2;0;0;0;2,4;1,4;0;11,8;0;0;0;0;54,2;0;0;0;0;0;0;0;0;0;49,8;1;1;1;1;1;1;1;1;1;1;1;1;1;1;1;1;1;1;1;1;1;1;1;1;1;1;1;1;1;1;1
2448035;1;01/02/1975;1;54;148;9;15;1;1;1;;;0;1,2;5,6;8,8;3,4;0,8;0;13,2;54;0,2;0;0;0;0;1,6;0;4,4;0,6;0;0;0;0;29,2;0;0;14,6;4,8;5,6;;;;1;1;1;1;1;1;1;1;1;1;1;1;1;1;1;1;1;1;1;1;1;1;1;1;1;1;1;1;0;;
2448035;1;01/01/1975;1;25,4;176,6;12;16;1;1;1;;;15,8;0,4;0;0;0;0;0;16,6;16,8;9,6;5,6;25,4;0;0;8,4;3,4;16,6;12,6;0;0;0;0;0;0;0;14,4;0;25,4;5,2;0,2;0,2;1;1;1;1;1;1;1;1;1;1;1;1;1;1;1;1;1;1;1;1;1;1;1;1;1;1;1;1;1;1;1
2448035;1;01/12/1974;1;23,6;162,4;14;19;1;1;1;;;4,4;16,6;4,8;7,2;0;0;0;0;0;0;0,8;0,2;1,8;23,6;0,4;0,6;4,6;11,6;7,4;0;0;0;4,4;20,8;0;0;0;11,8;2,8;18,6;20;1;1;1;1;1;1;1;1;1;1;1;1;1;1;1;1;1;1;1;1;1;1;1;1;1;1;1;1;1;1;1
2448035;1;01/11/1974;1;98;153,9;21;5;1;1;1;;;0;0;0;0;0;27,8;0;0;0;0;0;0;1,6;0;0;0;0;0;0;18,6;98;0;0;0;0;0;0;7,9;0;0;;1;1;1;1;1;1;1;1;1;1;1;1;1;1;1;1;1;1;1;1;1;1;1;1;1;1;1;1;1;1;0
2448035;1;01/10/1974;1;52;154,6;25;13;1;1;1;;;0;8,4;0;7,8;4,8;0;0;0;0;0;0;0;0;0;0;0;0;0;4,4;0,8;0;0;1,2;0,2;52;5,8;5,8;29,4;14,4;19,6;0;1;1;1;1;1;1;1;1;1;1;1;1;1;1;1;1;1;1;1;1;1;1;1;1;1;1;1;1;1;1;1
2448035;1;01/09/1974;1;22,8;46;1;8;1;1;1;;;22,8;0;0;0;0;0,8;0;0;0,2;0;0;0;0;0;0;0;0;0;0;0;0;0;0;0;0;7,4;1,6;5,4;7,2;0,6;;1;1;1;1;1;1;1;1;1;1;1;1;1;1;1;1;1;1;1;1;1;1;1;1;1;1;1;1;1;1;0
2448035;1;01/08/1974;1;26,2;61;29;9;1;1;1;;;0;0;0;0,2;0;0;0;0,8;0,2;0;0,4;0;0;0;0;0;0;0,4;0;0;0;0;0;0;0;0;1,2;0;26,2;24,4;7,2;1;1;1;1;1;1;1;1;1;1;1;1;1;1;1;1;1;1;1;1;1;1;1;1;1;1;1;1;1;1;1
2448035;1;01/07/1974;1;10,4;11,8;20;4;1;1;1;;;0;0;0;0;0;0,2;0;0;0;0;0;0;0;0;0;0;0;0;0,4;10,4;0;0,8;0;0;0;0;0;0;0;0;0;1;1;1;1;1;1;1;1;1;1;1;1;1;1;1;1;1;1;1;1;1;1;1;1;1;1;1;1;1;1;1
2448035;1;01/06/1974;1;;;;;0;0;0;;;;;;;;;;;;;;;;;;;;;;;;;;;;;;0,4;1,4;0;;0;;;;;;;;;;;;;;;;;;;;;;;;;;0;1;1;1;0
